tahun,nama_provinsi,nama_kabupaten/kota,nama_kecamatan,nama_kelurahan ,kewarganegaraan,jenis_kelamin,jumlah
2020,DKI Jakarta,KAB.ADM.KEP.SERIBU,KEP. SERIBU UTR,P. PANGGANG,WNI,Laki-Laki,3632
2020,DKI Jakarta,KAB.ADM.KEP.SERIBU,KEP. SERIBU UTR,P. KELAPA,WNI,Laki-Laki,3621
2020,DKI Jakarta,KAB.ADM.KEP.SERIBU,KEP. SERIBU UTR,P. HARAPAN,WNI,Laki-Laki,1320
2020,DKI Jakarta,KAB.ADM.KEP.SERIBU,KEP. SERIBU SLT,P. UNTUNG JAWA,WNI,Laki-Laki,1309
2020,DKI Jakarta,KAB.ADM.KEP.SERIBU,KEP. SERIBU SLT,P. TIDUNG,WNI,Laki-Laki,3062
2020,DKI Jakarta,KAB.ADM.KEP.SERIBU,KEP. SERIBU SLT,P. PARI,WNI,Laki-Laki,1871
2020,DKI Jakarta,JAKARTA PUSAT,GAMBIR,GAMBIR,WNI,Laki-Laki,1560
2020,DKI Jakarta,JAKARTA PUSAT,GAMBIR,CIDENG,WNI,Laki-Laki,9511
2020,DKI Jakarta,JAKARTA PUSAT,GAMBIR,PETOJO UTARA,WNI,Laki-Laki,11238
2020,DKI Jakarta,JAKARTA PUSAT,GAMBIR,PETOJO SELATAN,WNI,Laki-Laki,9698
2020,DKI Jakarta,JAKARTA PUSAT,GAMBIR,KEBON KELAPA,WNI,Laki-Laki,6540
2020,DKI Jakarta,JAKARTA PUSAT,GAMBIR,DURI PULO,WNI,Laki-Laki,13030
2020,DKI Jakarta,JAKARTA PUSAT,SAWAH BESAR,PASAR BARU,WNI,Laki-Laki,7894
2020,DKI Jakarta,JAKARTA PUSAT,SAWAH BESAR,KARANG ANYAR,WNI,Laki-Laki,16780
2020,DKI Jakarta,JAKARTA PUSAT,SAWAH BESAR,KARTINI,WNI,Laki-Laki,13799
2020,DKI Jakarta,JAKARTA PUSAT,SAWAH BESAR,GUNUNG SAHARI UTARA,WNI,Laki-Laki,10219
2020,DKI Jakarta,JAKARTA PUSAT,SAWAH BESAR,MANGGA DUA SELATAN,WNI,Laki-Laki,18184
2020,DKI Jakarta,JAKARTA PUSAT,KEMAYORAN,KEMAYORAN,WNI,Laki-Laki,13272
2020,DKI Jakarta,JAKARTA PUSAT,KEMAYORAN,KEBON KOSONG,WNI,Laki-Laki,19129
2020,DKI Jakarta,JAKARTA PUSAT,KEMAYORAN,HARAPAN MULIA,WNI,Laki-Laki,14832
2020,DKI Jakarta,JAKARTA PUSAT,KEMAYORAN,SERDANG,WNI,Laki-Laki,19002
2020,DKI Jakarta,JAKARTA PUSAT,KEMAYORAN,GUNUNG SAHARI SELATAN,WNI,Laki-Laki,12579
2020,DKI Jakarta,JAKARTA PUSAT,KEMAYORAN,CEMPAKA BARU,WNI,Laki-Laki,21293
2020,DKI Jakarta,JAKARTA PUSAT,KEMAYORAN,SUMUR BATU,WNI,Laki-Laki,14628
2020,DKI Jakarta,JAKARTA PUSAT,KEMAYORAN,UTAN PANJANG,WNI,Laki-Laki,19364
2020,DKI Jakarta,JAKARTA PUSAT,SENEN,SENEN,WNI,Laki-Laki,4409
2020,DKI Jakarta,JAKARTA PUSAT,SENEN,KENARI,WNI,Laki-Laki,5985
2020,DKI Jakarta,JAKARTA PUSAT,SENEN,PASEBAN,WNI,Laki-Laki,15025
2020,DKI Jakarta,JAKARTA PUSAT,SENEN,KRAMAT,WNI,Laki-Laki,18624
2020,DKI Jakarta,JAKARTA PUSAT,SENEN,KWITANG,WNI,Laki-Laki,9854
2020,DKI Jakarta,JAKARTA PUSAT,SENEN,BUNGUR,WNI,Laki-Laki,11587
2020,DKI Jakarta,JAKARTA PUSAT,CEMPAKA PUTIH,CEMPAKA PUTIH TIMUR,WNI,Laki-Laki,14833
2020,DKI Jakarta,JAKARTA PUSAT,CEMPAKA PUTIH,CEMPAKA PUTIH BARAT,WNI,Laki-Laki,22559
2020,DKI Jakarta,JAKARTA PUSAT,CEMPAKA PUTIH,RAWASARI,WNI,Laki-Laki,13661
2020,DKI Jakarta,JAKARTA PUSAT,MENTENG,MENTENG,WNI,Laki-Laki,16032
2020,DKI Jakarta,JAKARTA PUSAT,MENTENG,PEGANGSAAN,WNI,Laki-Laki,14798
2020,DKI Jakarta,JAKARTA PUSAT,MENTENG,CIKINI,WNI,Laki-Laki,5256
2020,DKI Jakarta,JAKARTA PUSAT,MENTENG,GONDANGDIA,WNI,Laki-Laki,2317
2020,DKI Jakarta,JAKARTA PUSAT,MENTENG,KEBON SIRIH,WNI,Laki-Laki,7931
2020,DKI Jakarta,JAKARTA PUSAT,TANAH ABANG,GELORA,WNI,Laki-Laki,1944
2020,DKI Jakarta,JAKARTA PUSAT,TANAH ABANG,BENDUNGAN HILIR,WNI,Laki-Laki,13291
2020,DKI Jakarta,JAKARTA PUSAT,TANAH ABANG,KARET TENGSIN,WNI,Laki-Laki,12383
2020,DKI Jakarta,JAKARTA PUSAT,TANAH ABANG,PETAMBURAN,WNI,Laki-Laki,21792
2020,DKI Jakarta,JAKARTA PUSAT,TANAH ABANG,KEBON MELATI,WNI,Laki-Laki,21218
2020,DKI Jakarta,JAKARTA PUSAT,TANAH ABANG,KEBON KACANG,WNI,Laki-Laki,13675
2020,DKI Jakarta,JAKARTA PUSAT,TANAH ABANG,KAMPUNG BALI,WNI,Laki-Laki,7469
2020,DKI Jakarta,JAKARTA PUSAT,JOHAR BARU,JOHAR BARU,WNI,Laki-Laki,23551
2020,DKI Jakarta,JAKARTA PUSAT,JOHAR BARU,KAMPUNG RAWA,WNI,Laki-Laki,13906
2020,DKI Jakarta,JAKARTA PUSAT,JOHAR BARU,GALUR,WNI,Laki-Laki,11930
2020,DKI Jakarta,JAKARTA PUSAT,JOHAR BARU,TANAH TINGGI,WNI,Laki-Laki,24705
2020,DKI Jakarta,JAKARTA UTARA,PENJARINGAN,PENJARINGAN,WNI,Laki-Laki,57901
2020,DKI Jakarta,JAKARTA UTARA,PENJARINGAN,KAMAL MUARA,WNI,Laki-Laki,8203
2020,DKI Jakarta,JAKARTA UTARA,PENJARINGAN,KAPUK MUARA,WNI,Laki-Laki,22476
2020,DKI Jakarta,JAKARTA UTARA,PENJARINGAN,PEJAGALAN,WNI,Laki-Laki,45836
2020,DKI Jakarta,JAKARTA UTARA,PENJARINGAN,PLUIT,WNI,Laki-Laki,28224
2020,DKI Jakarta,JAKARTA UTARA,TANJUNG PRIOK,TANJUNG PRIOK,WNI,Laki-Laki,22150
2020,DKI Jakarta,JAKARTA UTARA,TANJUNG PRIOK,SUNTER JAYA,WNI,Laki-Laki,39795
2020,DKI Jakarta,JAKARTA UTARA,TANJUNG PRIOK,PAPANGGO,WNI,Laki-Laki,25138
2020,DKI Jakarta,JAKARTA UTARA,TANJUNG PRIOK,SUNGAI BAMBU,WNI,Laki-Laki,19243
2020,DKI Jakarta,JAKARTA UTARA,TANJUNG PRIOK,KEBON BAWANG,WNI,Laki-Laki,32810
2020,DKI Jakarta,JAKARTA UTARA,TANJUNG PRIOK,SUNTER AGUNG,WNI,Laki-Laki,43542
2020,DKI Jakarta,JAKARTA UTARA,TANJUNG PRIOK,WARAKAS,WNI,Laki-Laki,28689
2020,DKI Jakarta,JAKARTA UTARA,KOJA,KOJA,WNI,Laki-Laki,18637
2020,DKI Jakarta,JAKARTA UTARA,KOJA,TUGU UTARA,WNI,Laki-Laki,44057
2020,DKI Jakarta,JAKARTA UTARA,KOJA,LAGOA,WNI,Laki-Laki,38238
2020,DKI Jakarta,JAKARTA UTARA,KOJA,RAWA BADAK UTARA,WNI,Laki-Laki,22423
2020,DKI Jakarta,JAKARTA UTARA,KOJA,TUGU SELATAN,WNI,Laki-Laki,25769
2020,DKI Jakarta,JAKARTA UTARA,KOJA,RAWA BADAK SELATAN,WNI,Laki-Laki,27666
2020,DKI Jakarta,JAKARTA UTARA,CILINCING,CILINCING,WNI,Laki-Laki,28314
2020,DKI Jakarta,JAKARTA UTARA,CILINCING,SUKAPURA,WNI,Laki-Laki,35196
2020,DKI Jakarta,JAKARTA UTARA,CILINCING,MARUNDA,WNI,Laki-Laki,19051
2020,DKI Jakarta,JAKARTA UTARA,CILINCING,KALI BARU,WNI,Laki-Laki,45172
2020,DKI Jakarta,JAKARTA UTARA,CILINCING,SEMPER TIMUR,WNI,Laki-Laki,23266
2020,DKI Jakarta,JAKARTA UTARA,CILINCING,ROROTAN,WNI,Laki-Laki,27252
2020,DKI Jakarta,JAKARTA UTARA,CILINCING,SEMPER BARAT,WNI,Laki-Laki,44273
2020,DKI Jakarta,JAKARTA UTARA,PADEMANGAN,PADEMANGAN TIMUR,WNI,Laki-Laki,22801
2020,DKI Jakarta,JAKARTA UTARA,PADEMANGAN,PADEMANGAN BARAT,WNI,Laki-Laki,47813
2020,DKI Jakarta,JAKARTA UTARA,PADEMANGAN,ANCOL,WNI,Laki-Laki,15513
2020,DKI Jakarta,JAKARTA UTARA,KELAPA GADING,KELAPA GADING TIMUR,WNI,Laki-Laki,19387
2020,DKI Jakarta,JAKARTA UTARA,KELAPA GADING,PEGANGSAAN DUA,WNI,Laki-Laki,29976
2020,DKI Jakarta,JAKARTA UTARA,KELAPA GADING,KELAPA GADING BARAT,WNI,Laki-Laki,21219
2020,DKI Jakarta,JAKARTA BARAT,CENGKARENG,CENGKARENG BARAT,WNI,Laki-Laki,41638
2020,DKI Jakarta,JAKARTA BARAT,CENGKARENG,DURI KOSAMBI,WNI,Laki-Laki,49475
2020,DKI Jakarta,JAKARTA BARAT,CENGKARENG,RAWA BUAYA,WNI,Laki-Laki,40786
2020,DKI Jakarta,JAKARTA BARAT,CENGKARENG,KEDAUNG KALI ANGKE,WNI,Laki-Laki,20901
2020,DKI Jakarta,JAKARTA BARAT,CENGKARENG,KAPUK,WNI,Laki-Laki,87495
2020,DKI Jakarta,JAKARTA BARAT,CENGKARENG,CENGKARENG TIMUR,WNI,Laki-Laki,51595
2020,DKI Jakarta,JAKARTA BARAT,GROGOL PETAMBURAN,GROGOL,WNI,Laki-Laki,10254
2020,DKI Jakarta,JAKARTA BARAT,GROGOL PETAMBURAN,TANJUNG DUREN UTARA,WNI,Laki-Laki,9979
2020,DKI Jakarta,JAKARTA BARAT,GROGOL PETAMBURAN,TOMANG,WNI,Laki-Laki,17986
2020,DKI Jakarta,JAKARTA BARAT,GROGOL PETAMBURAN,JELAMBAR,WNI,Laki-Laki,18059
2020,DKI Jakarta,JAKARTA BARAT,GROGOL PETAMBURAN,TANJUNG DUREN SELATAN,WNI,Laki-Laki,15033
2020,DKI Jakarta,JAKARTA BARAT,GROGOL PETAMBURAN,JELAMBAR BARU,WNI,Laki-Laki,23414
2020,DKI Jakarta,JAKARTA BARAT,GROGOL PETAMBURAN,WIJAYA KUSUMA,WNI,Laki-Laki,24639
2020,DKI Jakarta,JAKARTA BARAT,TAMAN SARI,TAMAN SARI,WNI,Laki-Laki,8517
2020,DKI Jakarta,JAKARTA BARAT,TAMAN SARI,KRUKUT,WNI,Laki-Laki,11973
2020,DKI Jakarta,JAKARTA BARAT,TAMAN SARI,MAPHAR,WNI,Laki-Laki,9913
2020,DKI Jakarta,JAKARTA BARAT,TAMAN SARI,TANGKI,WNI,Laki-Laki,7793
2020,DKI Jakarta,JAKARTA BARAT,TAMAN SARI,MANGGA BESAR,WNI,Laki-Laki,4514
2020,DKI Jakarta,JAKARTA BARAT,TAMAN SARI,KEAGUNGAN,WNI,Laki-Laki,10858
2020,DKI Jakarta,JAKARTA BARAT,TAMAN SARI,GLODOK,WNI,Laki-Laki,4385
2020,DKI Jakarta,JAKARTA BARAT,TAMAN SARI,PINANGSIA,WNI,Laki-Laki,6619
2020,DKI Jakarta,JAKARTA BARAT,TAMBORA,TAMBORA,WNI,Laki-Laki,6317
2020,DKI Jakarta,JAKARTA BARAT,TAMBORA,KALI ANYAR,WNI,Laki-Laki,15531
2020,DKI Jakarta,JAKARTA BARAT,TAMBORA,DURI UTARA,WNI,Laki-Laki,12353
2020,DKI Jakarta,JAKARTA BARAT,TAMBORA,TANAH SEREAL,WNI,Laki-Laki,16188
2020,DKI Jakarta,JAKARTA BARAT,TAMBORA,KERENDANG,WNI,Laki-Laki,12999
2020,DKI Jakarta,JAKARTA BARAT,TAMBORA,JEMBATAN BESI,WNI,Laki-Laki,19093
2020,DKI Jakarta,JAKARTA BARAT,TAMBORA,ANGKE,WNI,Laki-Laki,18502
2020,DKI Jakarta,JAKARTA BARAT,TAMBORA,JEMBATAN LIMA,WNI,Laki-Laki,13192
2020,DKI Jakarta,JAKARTA BARAT,TAMBORA,PEKOJAN,WNI,Laki-Laki,14217
2020,DKI Jakarta,JAKARTA BARAT,TAMBORA,ROA MALAKA,WNI,Laki-Laki,1973
2020,DKI Jakarta,JAKARTA BARAT,TAMBORA,DURI SELATAN,WNI,Laki-Laki,8731
2020,DKI Jakarta,JAKARTA BARAT,KEBON JERUK,KEBON JERUK,WNI,Laki-Laki,33794
2020,DKI Jakarta,JAKARTA BARAT,KEBON JERUK,SUKABUMI UTARA,WNI,Laki-Laki,24253
2020,DKI Jakarta,JAKARTA BARAT,KEBON JERUK,SUKABUMI SELATAN,WNI,Laki-Laki,23961
2020,DKI Jakarta,JAKARTA BARAT,KEBON JERUK,KELAPA DUA,WNI,Laki-Laki,14705
2020,DKI Jakarta,JAKARTA BARAT,KEBON JERUK,DURI KEPA,WNI,Laki-Laki,36807
2020,DKI Jakarta,JAKARTA BARAT,KEBON JERUK,KEDOYA UTARA,WNI,Laki-Laki,28397
2020,DKI Jakarta,JAKARTA BARAT,KEBON JERUK,KEDOYA SELATAN,WNI,Laki-Laki,20107
2020,DKI Jakarta,JAKARTA BARAT,KALI DERES,KALIDERES,WNI,Laki-Laki,45982
2020,DKI Jakarta,JAKARTA BARAT,KALI DERES,SEMANAN,WNI,Laki-Laki,46284
2020,DKI Jakarta,JAKARTA BARAT,KALI DERES,TEGAL ALUR,WNI,Laki-Laki,53387
2020,DKI Jakarta,JAKARTA BARAT,KALI DERES,KAMAL,WNI,Laki-Laki,34928
2020,DKI Jakarta,JAKARTA BARAT,KALI DERES,PEGADUNGAN,WNI,Laki-Laki,47045
2020,DKI Jakarta,JAKARTA BARAT,PALMERAH,PALMERAH,WNI,Laki-Laki,39488
2020,DKI Jakarta,JAKARTA BARAT,PALMERAH,SLIPI,WNI,Laki-Laki,10462
2020,DKI Jakarta,JAKARTA BARAT,PALMERAH,KOTA BAMBU UTARA,WNI,Laki-Laki,16031
2020,DKI Jakarta,JAKARTA BARAT,PALMERAH,JATI PULO,WNI,Laki-Laki,18224
2020,DKI Jakarta,JAKARTA BARAT,PALMERAH,KEMANGGISAN,WNI,Laki-Laki,19785
2020,DKI Jakarta,JAKARTA BARAT,PALMERAH,KOTA BAMBU SELATAN,WNI,Laki-Laki,13703
2020,DKI Jakarta,JAKARTA BARAT,KEMBANGAN,KEMBANGAN UTARA,WNI,Laki-Laki,34546
2020,DKI Jakarta,JAKARTA BARAT,KEMBANGAN,MERUYA UTARA,WNI,Laki-Laki,27416
2020,DKI Jakarta,JAKARTA BARAT,KEMBANGAN,MERUYA SELATAN,WNI,Laki-Laki,20224
2020,DKI Jakarta,JAKARTA BARAT,KEMBANGAN,SRENGSENG,WNI,Laki-Laki,28589
2020,DKI Jakarta,JAKARTA BARAT,KEMBANGAN,JOGLO,WNI,Laki-Laki,25594
2020,DKI Jakarta,JAKARTA BARAT,KEMBANGAN,KEMBANGAN SELATAN,WNI,Laki-Laki,16634
2020,DKI Jakarta,JAKARTA SELATAN,TEBET,TEBET TIMUR,WNI,Laki-Laki,10483
2020,DKI Jakarta,JAKARTA SELATAN,TEBET,TEBET BARAT,WNI,Laki-Laki,12547
2020,DKI Jakarta,JAKARTA SELATAN,TEBET,MENTENG DALAM,WNI,Laki-Laki,22391
2020,DKI Jakarta,JAKARTA SELATAN,TEBET,KEBON BARU,WNI,Laki-Laki,21911
2020,DKI Jakarta,JAKARTA SELATAN,TEBET,BUKIT DURI,WNI,Laki-Laki,21255
2020,DKI Jakarta,JAKARTA SELATAN,TEBET,MANGGARAI SELATAN,WNI,Laki-Laki,14200
2020,DKI Jakarta,JAKARTA SELATAN,TEBET,MANGGARAI,WNI,Laki-Laki,17797
2020,DKI Jakarta,JAKARTA SELATAN,SETIA BUDI,SETIA BUDI,WNI,Laki-Laki,1803
2020,DKI Jakarta,JAKARTA SELATAN,SETIA BUDI,KARET SEMANGGI,WNI,Laki-Laki,1666
2020,DKI Jakarta,JAKARTA SELATAN,SETIA BUDI,KARET KUNINGAN,WNI,Laki-Laki,9871
2020,DKI Jakarta,JAKARTA SELATAN,SETIA BUDI,KARET,WNI,Laki-Laki,5861
2020,DKI Jakarta,JAKARTA SELATAN,SETIA BUDI,MENTENG ATAS,WNI,Laki-Laki,17053
2020,DKI Jakarta,JAKARTA SELATAN,SETIA BUDI,PASAR MANGGIS,WNI,Laki-Laki,16799
2020,DKI Jakarta,JAKARTA SELATAN,SETIA BUDI,GUNTUR,WNI,Laki-Laki,2265
2020,DKI Jakarta,JAKARTA SELATAN,SETIA BUDI,KUNINGAN TIMUR,WNI,Laki-Laki,3703
2020,DKI Jakarta,JAKARTA SELATAN,MAMPANG PRAPATAN,MAMPANG PRAPATAN,WNI,Laki-Laki,11413
2020,DKI Jakarta,JAKARTA SELATAN,MAMPANG PRAPATAN,BANGKA,WNI,Laki-Laki,13350
2020,DKI Jakarta,JAKARTA SELATAN,MAMPANG PRAPATAN,PELA MAMPANG,WNI,Laki-Laki,26991
2020,DKI Jakarta,JAKARTA SELATAN,MAMPANG PRAPATAN,TEGAL PARANG,WNI,Laki-Laki,20569
2020,DKI Jakarta,JAKARTA SELATAN,MAMPANG PRAPATAN,KUNINGAN BARAT,WNI,Laki-Laki,8093
2020,DKI Jakarta,JAKARTA SELATAN,PASAR MINGGU,PASAR MINGGU,WNI,Laki-Laki,15164
2020,DKI Jakarta,JAKARTA SELATAN,PASAR MINGGU,JATI PADANG,WNI,Laki-Laki,23153
2020,DKI Jakarta,JAKARTA SELATAN,PASAR MINGGU,CILANDAK TIMUR,WNI,Laki-Laki,16430
2020,DKI Jakarta,JAKARTA SELATAN,PASAR MINGGU,RAGUNAN,WNI,Laki-Laki,24562
2020,DKI Jakarta,JAKARTA SELATAN,PASAR MINGGU,PEJATEN TIMUR,WNI,Laki-Laki,36242
2020,DKI Jakarta,JAKARTA SELATAN,PASAR MINGGU,PEJATEN BARAT,WNI,Laki-Laki,23054
2020,DKI Jakarta,JAKARTA SELATAN,PASAR MINGGU,KEBAGUSAN,WNI,Laki-Laki,28149
2020,DKI Jakarta,JAKARTA SELATAN,KEBAYORAN LAMA,KEBAYORAN LAMA UTARA,WNI,Laki-Laki,26677
2020,DKI Jakarta,JAKARTA SELATAN,KEBAYORAN LAMA,PONDOK PINANG,WNI,Laki-Laki,34240
2020,DKI Jakarta,JAKARTA SELATAN,KEBAYORAN LAMA,CIPULIR,WNI,Laki-Laki,24793
2020,DKI Jakarta,JAKARTA SELATAN,KEBAYORAN LAMA,GROGOL UTARA,WNI,Laki-Laki,26473
2020,DKI Jakarta,JAKARTA SELATAN,KEBAYORAN LAMA,GROGOL SELATAN,WNI,Laki-Laki,27605
2020,DKI Jakarta,JAKARTA SELATAN,KEBAYORAN LAMA,KEBAYORAN LAMA SELATAN,WNI,Laki-Laki,25419
2020,DKI Jakarta,JAKARTA SELATAN,CILANDAK,CILANDAK BARAT,WNI,Laki-Laki,31309
2020,DKI Jakarta,JAKARTA SELATAN,CILANDAK,LEBAK BULUS,WNI,Laki-Laki,22723
2020,DKI Jakarta,JAKARTA SELATAN,CILANDAK,PONDOK LABU,WNI,Laki-Laki,28094
2020,DKI Jakarta,JAKARTA SELATAN,CILANDAK,GANDARIA SELATAN,WNI,Laki-Laki,13387
2020,DKI Jakarta,JAKARTA SELATAN,CILANDAK,CIPETE SELATAN,WNI,Laki-Laki,16195
2020,DKI Jakarta,JAKARTA SELATAN,KEBAYORAN BARU,MELAWAI,WNI,Laki-Laki,1515
2020,DKI Jakarta,JAKARTA SELATAN,KEBAYORAN BARU,GUNUNG,WNI,Laki-Laki,5598
2020,DKI Jakarta,JAKARTA SELATAN,KEBAYORAN BARU,KRAMAT PELA,WNI,Laki-Laki,8895
2020,DKI Jakarta,JAKARTA SELATAN,KEBAYORAN BARU,SELONG,WNI,Laki-Laki,1576
2020,DKI Jakarta,JAKARTA SELATAN,KEBAYORAN BARU,RAWA BARAT,WNI,Laki-Laki,3256
2020,DKI Jakarta,JAKARTA SELATAN,KEBAYORAN BARU,SENAYAN,WNI,Laki-Laki,1631
2020,DKI Jakarta,JAKARTA SELATAN,KEBAYORAN BARU,PULO,WNI,Laki-Laki,3179
2020,DKI Jakarta,JAKARTA SELATAN,KEBAYORAN BARU,PETOGOGAN,WNI,Laki-Laki,6978
2020,DKI Jakarta,JAKARTA SELATAN,KEBAYORAN BARU,GANDARIA UTARA,WNI,Laki-Laki,24050
2020,DKI Jakarta,JAKARTA SELATAN,KEBAYORAN BARU,CIPETE UTARA,WNI,Laki-Laki,21150
2020,DKI Jakarta,JAKARTA SELATAN,PANCORAN,PANCORAN,WNI,Laki-Laki,12297
2020,DKI Jakarta,JAKARTA SELATAN,PANCORAN,KALIBATA,WNI,Laki-Laki,26230
2020,DKI Jakarta,JAKARTA SELATAN,PANCORAN,RAWA JATI,WNI,Laki-Laki,12726
2020,DKI Jakarta,JAKARTA SELATAN,PANCORAN,DUREN TIGA,WNI,Laki-Laki,17493
2020,DKI Jakarta,JAKARTA SELATAN,PANCORAN,PENGADEGAN,WNI,Laki-Laki,13100
2020,DKI Jakarta,JAKARTA SELATAN,PANCORAN,CIKOKO,WNI,Laki-Laki,6579
2020,DKI Jakarta,JAKARTA SELATAN,JAGAKARSA,JAGAKARSA,WNI,Laki-Laki,38909
2020,DKI Jakarta,JAKARTA SELATAN,JAGAKARSA,SRENGSENG SAWAH,WNI,Laki-Laki,36546
2020,DKI Jakarta,JAKARTA SELATAN,JAGAKARSA,CIGANJUR,WNI,Laki-Laki,24080
2020,DKI Jakarta,JAKARTA SELATAN,JAGAKARSA,LENTENG AGUNG,WNI,Laki-Laki,34009
2020,DKI Jakarta,JAKARTA SELATAN,JAGAKARSA,TANJUNG BARAT,WNI,Laki-Laki,24904
2020,DKI Jakarta,JAKARTA SELATAN,JAGAKARSA,CIPEDAK,WNI,Laki-Laki,23907
2020,DKI Jakarta,JAKARTA SELATAN,PESANGGRAHAN,PESANGGRAHAN,WNI,Laki-Laki,17178
2020,DKI Jakarta,JAKARTA SELATAN,PESANGGRAHAN,BINTARO,WNI,Laki-Laki,32675
2020,DKI Jakarta,JAKARTA SELATAN,PESANGGRAHAN,PETUKANGAN UTARA,WNI,Laki-Laki,33551
2020,DKI Jakarta,JAKARTA SELATAN,PESANGGRAHAN,PETUKANGAN SELATAN,WNI,Laki-Laki,23032
2020,DKI Jakarta,JAKARTA SELATAN,PESANGGRAHAN,ULUJAMI,WNI,Laki-Laki,25867
2020,DKI Jakarta,JAKARTA TIMUR,MATRAMAN,PISANGAN BARU,WNI,Laki-Laki,19675
2020,DKI Jakarta,JAKARTA TIMUR,MATRAMAN,UTAN KAYU UTARA,WNI,Laki-Laki,17516
2020,DKI Jakarta,JAKARTA TIMUR,MATRAMAN,KAYU MANIS,WNI,Laki-Laki,15497
2020,DKI Jakarta,JAKARTA TIMUR,MATRAMAN,PAL MERIAM,WNI,Laki-Laki,12065
2020,DKI Jakarta,JAKARTA TIMUR,MATRAMAN,KEBON MANGGIS,WNI,Laki-Laki,10047
2020,DKI Jakarta,JAKARTA TIMUR,MATRAMAN,UTAN KAYU SELATAN,WNI,Laki-Laki,20617
2020,DKI Jakarta,JAKARTA TIMUR,PULO GADUNG,PULO GADUNG,WNI,Laki-Laki,21539
2020,DKI Jakarta,JAKARTA TIMUR,PULO GADUNG,PISANGAN TIMUR,WNI,Laki-Laki,25383
2020,DKI Jakarta,JAKARTA TIMUR,PULO GADUNG,CIPINANG,WNI,Laki-Laki,24400
2020,DKI Jakarta,JAKARTA TIMUR,PULO GADUNG,JATINEGARA KAUM,WNI,Laki-Laki,15865
2020,DKI Jakarta,JAKARTA TIMUR,PULO GADUNG,RAWAMANGUN,WNI,Laki-Laki,22781
2020,DKI Jakarta,JAKARTA TIMUR,PULO GADUNG,KAYU PUTIH,WNI,Laki-Laki,24775
2020,DKI Jakarta,JAKARTA TIMUR,PULO GADUNG,JATI,WNI,Laki-Laki,19652
2020,DKI Jakarta,JAKARTA TIMUR,JATINEGARA,KAMPUNG MELAYU,WNI,Laki-Laki,16521
2020,DKI Jakarta,JAKARTA TIMUR,JATINEGARA,BIDARA CINA,WNI,Laki-Laki,22551
2020,DKI Jakarta,JAKARTA TIMUR,JATINEGARA,BALI MESTER,WNI,Laki-Laki,5787
2020,DKI Jakarta,JAKARTA TIMUR,JATINEGARA,RAWA BUNGA,WNI,Laki-Laki,13459
2020,DKI Jakarta,JAKARTA TIMUR,JATINEGARA,CIPINANG CEMPEDAK,WNI,Laki-Laki,19806
2020,DKI Jakarta,JAKARTA TIMUR,JATINEGARA,CIPINANG MUARA,WNI,Laki-Laki,34649
2020,DKI Jakarta,JAKARTA TIMUR,JATINEGARA,CIPINANG BESAR SELATAN,WNI,Laki-Laki,22348
2020,DKI Jakarta,JAKARTA TIMUR,JATINEGARA,CIPINANG BESAR UTARA,WNI,Laki-Laki,30123
2020,DKI Jakarta,JAKARTA TIMUR,KRAMAT JATI,KRAMAT JATI,WNI,Laki-Laki,21405
2020,DKI Jakarta,JAKARTA TIMUR,KRAMAT JATI,KAMPUNG TENGAH,WNI,Laki-Laki,28179
2020,DKI Jakarta,JAKARTA TIMUR,KRAMAT JATI,DUKUH,WNI,Laki-Laki,15633
2020,DKI Jakarta,JAKARTA TIMUR,KRAMAT JATI,BATU AMPAR,WNI,Laki-Laki,30081
2020,DKI Jakarta,JAKARTA TIMUR,KRAMAT JATI,BALE KAMBANG,WNI,Laki-Laki,18563
2020,DKI Jakarta,JAKARTA TIMUR,KRAMAT JATI,CILILITAN,WNI,Laki-Laki,25333
2020,DKI Jakarta,JAKARTA TIMUR,KRAMAT JATI,CAWANG,WNI,Laki-Laki,20559
2020,DKI Jakarta,JAKARTA TIMUR,PASAR REBO,GEDONG,WNI,Laki-Laki,22380
2020,DKI Jakarta,JAKARTA TIMUR,PASAR REBO,BARU,WNI,Laki-Laki,15482
2020,DKI Jakarta,JAKARTA TIMUR,PASAR REBO,CIJANTUNG,WNI,Laki-Laki,25889
2020,DKI Jakarta,JAKARTA TIMUR,PASAR REBO,KALISARI,WNI,Laki-Laki,27117
2020,DKI Jakarta,JAKARTA TIMUR,PASAR REBO,PEKAYON,WNI,Laki-Laki,27590
2020,DKI Jakarta,JAKARTA TIMUR,CAKUNG,JATINEGARA,WNI,Laki-Laki,55069
2020,DKI Jakarta,JAKARTA TIMUR,CAKUNG,RAWA TERATE,WNI,Laki-Laki,16311
2020,DKI Jakarta,JAKARTA TIMUR,CAKUNG,PENGGILINGAN,WNI,Laki-Laki,63005
2020,DKI Jakarta,JAKARTA TIMUR,CAKUNG,CAKUNG TIMUR,WNI,Laki-Laki,37825
2020,DKI Jakarta,JAKARTA TIMUR,CAKUNG,PULO GEBANG,WNI,Laki-Laki,61873
2020,DKI Jakarta,JAKARTA TIMUR,CAKUNG,UJUNG MENTENG,WNI,Laki-Laki,19002
2020,DKI Jakarta,JAKARTA TIMUR,CAKUNG,CAKUNG BARAT,WNI,Laki-Laki,37942
2020,DKI Jakarta,JAKARTA TIMUR,DUREN SAWIT,DUREN SAWIT,WNI,Laki-Laki,37711
2020,DKI Jakarta,JAKARTA TIMUR,DUREN SAWIT,PONDOK BAMBU,WNI,Laki-Laki,38581
2020,DKI Jakarta,JAKARTA TIMUR,DUREN SAWIT,KLENDER,WNI,Laki-Laki,44541
2020,DKI Jakarta,JAKARTA TIMUR,DUREN SAWIT,PONDOK KELAPA,WNI,Laki-Laki,44546
2020,DKI Jakarta,JAKARTA TIMUR,DUREN SAWIT,MALAKA SARI,WNI,Laki-Laki,16513
2020,DKI Jakarta,JAKARTA TIMUR,DUREN SAWIT,MALAKA JAYA,WNI,Laki-Laki,18680
2020,DKI Jakarta,JAKARTA TIMUR,DUREN SAWIT,PONDOK KOPI,WNI,Laki-Laki,22258
2020,DKI Jakarta,JAKARTA TIMUR,MAKASAR,MAKASAR,WNI,Laki-Laki,21706
2020,DKI Jakarta,JAKARTA TIMUR,MAKASAR,PINANG RANTI,WNI,Laki-Laki,17212
2020,DKI Jakarta,JAKARTA TIMUR,MAKASAR,KEBON PALA,WNI,Laki-Laki,29571
2020,DKI Jakarta,JAKARTA TIMUR,MAKASAR,HALIM PERDANA KUSUMAH,WNI,Laki-Laki,17913
2020,DKI Jakarta,JAKARTA TIMUR,MAKASAR,CIPINANG MELAYU,WNI,Laki-Laki,26384
2020,DKI Jakarta,JAKARTA TIMUR,CIRACAS,CIRACAS,WNI,Laki-Laki,40969
2020,DKI Jakarta,JAKARTA TIMUR,CIRACAS,CIBUBUR,WNI,Laki-Laki,41086
2020,DKI Jakarta,JAKARTA TIMUR,CIRACAS,KELAPA DUA WETAN,WNI,Laki-Laki,29265
2020,DKI Jakarta,JAKARTA TIMUR,CIRACAS,SUSUKAN,WNI,Laki-Laki,24484
2020,DKI Jakarta,JAKARTA TIMUR,CIRACAS,RAMBUTAN,WNI,Laki-Laki,23559
2020,DKI Jakarta,JAKARTA TIMUR,CIPAYUNG,CIPAYUNG,WNI,Laki-Laki,16670
2020,DKI Jakarta,JAKARTA TIMUR,CIPAYUNG,CILANGKAP,WNI,Laki-Laki,17569
2020,DKI Jakarta,JAKARTA TIMUR,CIPAYUNG,PONDOK RANGGON,WNI,Laki-Laki,16024
2020,DKI Jakarta,JAKARTA TIMUR,CIPAYUNG,MUNJUL,WNI,Laki-Laki,14998
2020,DKI Jakarta,JAKARTA TIMUR,CIPAYUNG,SETU,WNI,Laki-Laki,12991
2020,DKI Jakarta,JAKARTA TIMUR,CIPAYUNG,BAMBU APUS,WNI,Laki-Laki,16542
2020,DKI Jakarta,JAKARTA TIMUR,CIPAYUNG,LUBANG BUAYA,WNI,Laki-Laki,39974
2020,DKI Jakarta,JAKARTA TIMUR,CIPAYUNG,CEGER,WNI,Laki-Laki,12046
2020,DKI Jakarta,KAB.ADM.KEP.SERIBU,KEP. SERIBU UTR,P. PANGGANG,WNI,Perempuan,3474
2020,DKI Jakarta,KAB.ADM.KEP.SERIBU,KEP. SERIBU UTR,P. KELAPA,WNI,Perempuan,3550
2020,DKI Jakarta,KAB.ADM.KEP.SERIBU,KEP. SERIBU UTR,P. HARAPAN,WNI,Perempuan,1328
2020,DKI Jakarta,KAB.ADM.KEP.SERIBU,KEP. SERIBU SLT,P. UNTUNG JAWA,WNI,Perempuan,1238
2020,DKI Jakarta,KAB.ADM.KEP.SERIBU,KEP. SERIBU SLT,P. TIDUNG,WNI,Perempuan,3016
2020,DKI Jakarta,KAB.ADM.KEP.SERIBU,KEP. SERIBU SLT,P. PARI,WNI,Perempuan,1809
2020,DKI Jakarta,JAKARTA PUSAT,GAMBIR,GAMBIR,WNI,Perempuan,1528
2020,DKI Jakarta,JAKARTA PUSAT,GAMBIR,CIDENG,WNI,Perempuan,9851
2020,DKI Jakarta,JAKARTA PUSAT,GAMBIR,PETOJO UTARA,WNI,Perempuan,11136
2020,DKI Jakarta,JAKARTA PUSAT,GAMBIR,PETOJO SELATAN,WNI,Perempuan,9140
2020,DKI Jakarta,JAKARTA PUSAT,GAMBIR,KEBON KELAPA,WNI,Perempuan,6383
2020,DKI Jakarta,JAKARTA PUSAT,GAMBIR,DURI PULO,WNI,Perempuan,12575
2020,DKI Jakarta,JAKARTA PUSAT,SAWAH BESAR,PASAR BARU,WNI,Perempuan,8064
2020,DKI Jakarta,JAKARTA PUSAT,SAWAH BESAR,KARANG ANYAR,WNI,Perempuan,16337
2020,DKI Jakarta,JAKARTA PUSAT,SAWAH BESAR,KARTINI,WNI,Perempuan,14222
2020,DKI Jakarta,JAKARTA PUSAT,SAWAH BESAR,GUNUNG SAHARI UTARA,WNI,Perempuan,10511
2020,DKI Jakarta,JAKARTA PUSAT,SAWAH BESAR,MANGGA DUA SELATAN,WNI,Perempuan,17540
2020,DKI Jakarta,JAKARTA PUSAT,KEMAYORAN,KEMAYORAN,WNI,Perempuan,13121
2020,DKI Jakarta,JAKARTA PUSAT,KEMAYORAN,KEBON KOSONG,WNI,Perempuan,19128
2020,DKI Jakarta,JAKARTA PUSAT,KEMAYORAN,HARAPAN MULIA,WNI,Perempuan,14570
2020,DKI Jakarta,JAKARTA PUSAT,KEMAYORAN,SERDANG,WNI,Perempuan,18983
2020,DKI Jakarta,JAKARTA PUSAT,KEMAYORAN,GUNUNG SAHARI SELATAN,WNI,Perempuan,12174
2020,DKI Jakarta,JAKARTA PUSAT,KEMAYORAN,CEMPAKA BARU,WNI,Perempuan,21012
2020,DKI Jakarta,JAKARTA PUSAT,KEMAYORAN,SUMUR BATU,WNI,Perempuan,14641
2020,DKI Jakarta,JAKARTA PUSAT,KEMAYORAN,UTAN PANJANG,WNI,Perempuan,18581
2020,DKI Jakarta,JAKARTA PUSAT,SENEN,SENEN,WNI,Perempuan,4203
2020,DKI Jakarta,JAKARTA PUSAT,SENEN,KENARI,WNI,Perempuan,5872
2020,DKI Jakarta,JAKARTA PUSAT,SENEN,PASEBAN,WNI,Perempuan,14889
2020,DKI Jakarta,JAKARTA PUSAT,SENEN,KRAMAT,WNI,Perempuan,17846
2020,DKI Jakarta,JAKARTA PUSAT,SENEN,KWITANG,WNI,Perempuan,9785
2020,DKI Jakarta,JAKARTA PUSAT,SENEN,BUNGUR,WNI,Perempuan,11276
2020,DKI Jakarta,JAKARTA PUSAT,CEMPAKA PUTIH,CEMPAKA PUTIH TIMUR,WNI,Perempuan,15053
2020,DKI Jakarta,JAKARTA PUSAT,CEMPAKA PUTIH,CEMPAKA PUTIH BARAT,WNI,Perempuan,22409
2020,DKI Jakarta,JAKARTA PUSAT,CEMPAKA PUTIH,RAWASARI,WNI,Perempuan,13758
2020,DKI Jakarta,JAKARTA PUSAT,MENTENG,MENTENG,WNI,Perempuan,15916
2020,DKI Jakarta,JAKARTA PUSAT,MENTENG,PEGANGSAAN,WNI,Perempuan,14546
2020,DKI Jakarta,JAKARTA PUSAT,MENTENG,CIKINI,WNI,Perempuan,5173
2020,DKI Jakarta,JAKARTA PUSAT,MENTENG,GONDANGDIA,WNI,Perempuan,2560
2020,DKI Jakarta,JAKARTA PUSAT,MENTENG,KEBON SIRIH,WNI,Perempuan,7537
2020,DKI Jakarta,JAKARTA PUSAT,TANAH ABANG,GELORA,WNI,Perempuan,1974
2020,DKI Jakarta,JAKARTA PUSAT,TANAH ABANG,BENDUNGAN HILIR,WNI,Perempuan,13566
2020,DKI Jakarta,JAKARTA PUSAT,TANAH ABANG,KARET TENGSIN,WNI,Perempuan,12054
2020,DKI Jakarta,JAKARTA PUSAT,TANAH ABANG,PETAMBURAN,WNI,Perempuan,20923
2020,DKI Jakarta,JAKARTA PUSAT,TANAH ABANG,KEBON MELATI,WNI,Perempuan,20362
2020,DKI Jakarta,JAKARTA PUSAT,TANAH ABANG,KEBON KACANG,WNI,Perempuan,13464
2020,DKI Jakarta,JAKARTA PUSAT,TANAH ABANG,KAMPUNG BALI,WNI,Perempuan,7381
2020,DKI Jakarta,JAKARTA PUSAT,JOHAR BARU,JOHAR BARU,WNI,Perempuan,23497
2020,DKI Jakarta,JAKARTA PUSAT,JOHAR BARU,KAMPUNG RAWA,WNI,Perempuan,13516
2020,DKI Jakarta,JAKARTA PUSAT,JOHAR BARU,GALUR,WNI,Perempuan,11296
2020,DKI Jakarta,JAKARTA PUSAT,JOHAR BARU,TANAH TINGGI,WNI,Perempuan,23759
2020,DKI Jakarta,JAKARTA UTARA,PENJARINGAN,PENJARINGAN,WNI,Perempuan,54210
2020,DKI Jakarta,JAKARTA UTARA,PENJARINGAN,KAMAL MUARA,WNI,Perempuan,7961
2020,DKI Jakarta,JAKARTA UTARA,PENJARINGAN,KAPUK MUARA,WNI,Perempuan,21989
2020,DKI Jakarta,JAKARTA UTARA,PENJARINGAN,PEJAGALAN,WNI,Perempuan,45461
2020,DKI Jakarta,JAKARTA UTARA,PENJARINGAN,PLUIT,WNI,Perempuan,29279
2020,DKI Jakarta,JAKARTA UTARA,TANJUNG PRIOK,TANJUNG PRIOK,WNI,Perempuan,21715
2020,DKI Jakarta,JAKARTA UTARA,TANJUNG PRIOK,SUNTER JAYA,WNI,Perempuan,39103
2020,DKI Jakarta,JAKARTA UTARA,TANJUNG PRIOK,PAPANGGO,WNI,Perempuan,24673
2020,DKI Jakarta,JAKARTA UTARA,TANJUNG PRIOK,SUNGAI BAMBU,WNI,Perempuan,18530
2020,DKI Jakarta,JAKARTA UTARA,TANJUNG PRIOK,KEBON BAWANG,WNI,Perempuan,31760
2020,DKI Jakarta,JAKARTA UTARA,TANJUNG PRIOK,SUNTER AGUNG,WNI,Perempuan,44353
2020,DKI Jakarta,JAKARTA UTARA,TANJUNG PRIOK,WARAKAS,WNI,Perempuan,28054
2020,DKI Jakarta,JAKARTA UTARA,KOJA,KOJA,WNI,Perempuan,17261
2020,DKI Jakarta,JAKARTA UTARA,KOJA,TUGU UTARA,WNI,Perempuan,43398
2020,DKI Jakarta,JAKARTA UTARA,KOJA,LAGOA,WNI,Perempuan,37801
2020,DKI Jakarta,JAKARTA UTARA,KOJA,RAWA BADAK UTARA,WNI,Perempuan,21646
2020,DKI Jakarta,JAKARTA UTARA,KOJA,TUGU SELATAN,WNI,Perempuan,24953
2020,DKI Jakarta,JAKARTA UTARA,KOJA,RAWA BADAK SELATAN,WNI,Perempuan,26955
2020,DKI Jakarta,JAKARTA UTARA,CILINCING,CILINCING,WNI,Perempuan,27527
2020,DKI Jakarta,JAKARTA UTARA,CILINCING,SUKAPURA,WNI,Perempuan,35103
2020,DKI Jakarta,JAKARTA UTARA,CILINCING,MARUNDA,WNI,Perempuan,18459
2020,DKI Jakarta,JAKARTA UTARA,CILINCING,KALI BARU,WNI,Perempuan,43450
2020,DKI Jakarta,JAKARTA UTARA,CILINCING,SEMPER TIMUR,WNI,Perempuan,22959
2020,DKI Jakarta,JAKARTA UTARA,CILINCING,ROROTAN,WNI,Perempuan,26721
2020,DKI Jakarta,JAKARTA UTARA,CILINCING,SEMPER BARAT,WNI,Perempuan,43492
2020,DKI Jakarta,JAKARTA UTARA,PADEMANGAN,PADEMANGAN TIMUR,WNI,Perempuan,23102
2020,DKI Jakarta,JAKARTA UTARA,PADEMANGAN,PADEMANGAN BARAT,WNI,Perempuan,45644
2020,DKI Jakarta,JAKARTA UTARA,PADEMANGAN,ANCOL,WNI,Perempuan,14554
2020,DKI Jakarta,JAKARTA UTARA,KELAPA GADING,KELAPA GADING TIMUR,WNI,Perempuan,20795
2020,DKI Jakarta,JAKARTA UTARA,KELAPA GADING,PEGANGSAAN DUA,WNI,Perempuan,30733
2020,DKI Jakarta,JAKARTA UTARA,KELAPA GADING,KELAPA GADING BARAT,WNI,Perempuan,21866
2020,DKI Jakarta,JAKARTA BARAT,CENGKARENG,CENGKARENG BARAT,WNI,Perempuan,41010
2020,DKI Jakarta,JAKARTA BARAT,CENGKARENG,DURI KOSAMBI,WNI,Perempuan,48864
2020,DKI Jakarta,JAKARTA BARAT,CENGKARENG,RAWA BUAYA,WNI,Perempuan,39504
2020,DKI Jakarta,JAKARTA BARAT,CENGKARENG,KEDAUNG KALI ANGKE,WNI,Perempuan,20132
2020,DKI Jakarta,JAKARTA BARAT,CENGKARENG,KAPUK,WNI,Perempuan,84115
2020,DKI Jakarta,JAKARTA BARAT,CENGKARENG,CENGKARENG TIMUR,WNI,Perempuan,50701
2020,DKI Jakarta,JAKARTA BARAT,GROGOL PETAMBURAN,GROGOL,WNI,Perempuan,10358
2020,DKI Jakarta,JAKARTA BARAT,GROGOL PETAMBURAN,TANJUNG DUREN UTARA,WNI,Perempuan,10614
2020,DKI Jakarta,JAKARTA BARAT,GROGOL PETAMBURAN,TOMANG,WNI,Perempuan,18062
2020,DKI Jakarta,JAKARTA BARAT,GROGOL PETAMBURAN,JELAMBAR,WNI,Perempuan,18584
2020,DKI Jakarta,JAKARTA BARAT,GROGOL PETAMBURAN,TANJUNG DUREN SELATAN,WNI,Perempuan,15723
2020,DKI Jakarta,JAKARTA BARAT,GROGOL PETAMBURAN,JELAMBAR BARU,WNI,Perempuan,23464
2020,DKI Jakarta,JAKARTA BARAT,GROGOL PETAMBURAN,WIJAYA KUSUMA,WNI,Perempuan,23846
2020,DKI Jakarta,JAKARTA BARAT,TAMAN SARI,TAMAN SARI,WNI,Perempuan,8745
2020,DKI Jakarta,JAKARTA BARAT,TAMAN SARI,KRUKUT,WNI,Perempuan,11839
2020,DKI Jakarta,JAKARTA BARAT,TAMAN SARI,MAPHAR,WNI,Perempuan,9878
2020,DKI Jakarta,JAKARTA BARAT,TAMAN SARI,TANGKI,WNI,Perempuan,8082
2020,DKI Jakarta,JAKARTA BARAT,TAMAN SARI,MANGGA BESAR,WNI,Perempuan,4649
2020,DKI Jakarta,JAKARTA BARAT,TAMAN SARI,KEAGUNGAN,WNI,Perempuan,10535
2020,DKI Jakarta,JAKARTA BARAT,TAMAN SARI,GLODOK,WNI,Perempuan,4667
2020,DKI Jakarta,JAKARTA BARAT,TAMAN SARI,PINANGSIA,WNI,Perempuan,6399
2020,DKI Jakarta,JAKARTA BARAT,TAMBORA,TAMBORA,WNI,Perempuan,6288
2020,DKI Jakarta,JAKARTA BARAT,TAMBORA,KALI ANYAR,WNI,Perempuan,14528
2020,DKI Jakarta,JAKARTA BARAT,TAMBORA,DURI UTARA,WNI,Perempuan,12030
2020,DKI Jakarta,JAKARTA BARAT,TAMBORA,TANAH SEREAL,WNI,Perempuan,16078
2020,DKI Jakarta,JAKARTA BARAT,TAMBORA,KERENDANG,WNI,Perempuan,12121
2020,DKI Jakarta,JAKARTA BARAT,TAMBORA,JEMBATAN BESI,WNI,Perempuan,17843
2020,DKI Jakarta,JAKARTA BARAT,TAMBORA,ANGKE,WNI,Perempuan,17776
2020,DKI Jakarta,JAKARTA BARAT,TAMBORA,JEMBATAN LIMA,WNI,Perempuan,12676
2020,DKI Jakarta,JAKARTA BARAT,TAMBORA,PEKOJAN,WNI,Perempuan,14144
2020,DKI Jakarta,JAKARTA BARAT,TAMBORA,ROA MALAKA,WNI,Perempuan,2013
2020,DKI Jakarta,JAKARTA BARAT,TAMBORA,DURI SELATAN,WNI,Perempuan,8738
2020,DKI Jakarta,JAKARTA BARAT,KEBON JERUK,KEBON JERUK,WNI,Perempuan,33610
2020,DKI Jakarta,JAKARTA BARAT,KEBON JERUK,SUKABUMI UTARA,WNI,Perempuan,24219
2020,DKI Jakarta,JAKARTA BARAT,KEBON JERUK,SUKABUMI SELATAN,WNI,Perempuan,23294
2020,DKI Jakarta,JAKARTA BARAT,KEBON JERUK,KELAPA DUA,WNI,Perempuan,14629
2020,DKI Jakarta,JAKARTA BARAT,KEBON JERUK,DURI KEPA,WNI,Perempuan,37137
2020,DKI Jakarta,JAKARTA BARAT,KEBON JERUK,KEDOYA UTARA,WNI,Perempuan,28013
2020,DKI Jakarta,JAKARTA BARAT,KEBON JERUK,KEDOYA SELATAN,WNI,Perempuan,19973
2020,DKI Jakarta,JAKARTA BARAT,KALI DERES,KALIDERES,WNI,Perempuan,44755
2020,DKI Jakarta,JAKARTA BARAT,KALI DERES,SEMANAN,WNI,Perempuan,44315
2020,DKI Jakarta,JAKARTA BARAT,KALI DERES,TEGAL ALUR,WNI,Perempuan,52641
2020,DKI Jakarta,JAKARTA BARAT,KALI DERES,KAMAL,WNI,Perempuan,33782
2020,DKI Jakarta,JAKARTA BARAT,KALI DERES,PEGADUNGAN,WNI,Perempuan,46827
2020,DKI Jakarta,JAKARTA BARAT,PALMERAH,PALMERAH,WNI,Perempuan,38698
2020,DKI Jakarta,JAKARTA BARAT,PALMERAH,SLIPI,WNI,Perempuan,10092
2020,DKI Jakarta,JAKARTA BARAT,PALMERAH,KOTA BAMBU UTARA,WNI,Perempuan,15688
2020,DKI Jakarta,JAKARTA BARAT,PALMERAH,JATI PULO,WNI,Perempuan,17799
2020,DKI Jakarta,JAKARTA BARAT,PALMERAH,KEMANGGISAN,WNI,Perempuan,19651
2020,DKI Jakarta,JAKARTA BARAT,PALMERAH,KOTA BAMBU SELATAN,WNI,Perempuan,13253
2020,DKI Jakarta,JAKARTA BARAT,KEMBANGAN,KEMBANGAN UTARA,WNI,Perempuan,33812
2020,DKI Jakarta,JAKARTA BARAT,KEMBANGAN,MERUYA UTARA,WNI,Perempuan,27094
2020,DKI Jakarta,JAKARTA BARAT,KEMBANGAN,MERUYA SELATAN,WNI,Perempuan,20170
2020,DKI Jakarta,JAKARTA BARAT,KEMBANGAN,SRENGSENG,WNI,Perempuan,28379
2020,DKI Jakarta,JAKARTA BARAT,KEMBANGAN,JOGLO,WNI,Perempuan,25621
2020,DKI Jakarta,JAKARTA BARAT,KEMBANGAN,KEMBANGAN SELATAN,WNI,Perempuan,16736
2020,DKI Jakarta,JAKARTA SELATAN,TEBET,TEBET TIMUR,WNI,Perempuan,11218
2020,DKI Jakarta,JAKARTA SELATAN,TEBET,TEBET BARAT,WNI,Perempuan,13160
2020,DKI Jakarta,JAKARTA SELATAN,TEBET,MENTENG DALAM,WNI,Perempuan,22412
2020,DKI Jakarta,JAKARTA SELATAN,TEBET,KEBON BARU,WNI,Perempuan,21934
2020,DKI Jakarta,JAKARTA SELATAN,TEBET,BUKIT DURI,WNI,Perempuan,20973
2020,DKI Jakarta,JAKARTA SELATAN,TEBET,MANGGARAI SELATAN,WNI,Perempuan,14242
2020,DKI Jakarta,JAKARTA SELATAN,TEBET,MANGGARAI,WNI,Perempuan,17736
2020,DKI Jakarta,JAKARTA SELATAN,SETIA BUDI,SETIA BUDI,WNI,Perempuan,1824
2020,DKI Jakarta,JAKARTA SELATAN,SETIA BUDI,KARET SEMANGGI,WNI,Perempuan,1633
2020,DKI Jakarta,JAKARTA SELATAN,SETIA BUDI,KARET KUNINGAN,WNI,Perempuan,9830
2020,DKI Jakarta,JAKARTA SELATAN,SETIA BUDI,KARET,WNI,Perempuan,5809
2020,DKI Jakarta,JAKARTA SELATAN,SETIA BUDI,MENTENG ATAS,WNI,Perempuan,17343
2020,DKI Jakarta,JAKARTA SELATAN,SETIA BUDI,PASAR MANGGIS,WNI,Perempuan,16377
2020,DKI Jakarta,JAKARTA SELATAN,SETIA BUDI,GUNTUR,WNI,Perempuan,2395
2020,DKI Jakarta,JAKARTA SELATAN,SETIA BUDI,KUNINGAN TIMUR,WNI,Perempuan,3619
2020,DKI Jakarta,JAKARTA SELATAN,MAMPANG PRAPATAN,MAMPANG PRAPATAN,WNI,Perempuan,11344
2020,DKI Jakarta,JAKARTA SELATAN,MAMPANG PRAPATAN,BANGKA,WNI,Perempuan,13043
2020,DKI Jakarta,JAKARTA SELATAN,MAMPANG PRAPATAN,PELA MAMPANG,WNI,Perempuan,26560
2020,DKI Jakarta,JAKARTA SELATAN,MAMPANG PRAPATAN,TEGAL PARANG,WNI,Perempuan,19946
2020,DKI Jakarta,JAKARTA SELATAN,MAMPANG PRAPATAN,KUNINGAN BARAT,WNI,Perempuan,7770
2020,DKI Jakarta,JAKARTA SELATAN,PASAR MINGGU,PASAR MINGGU,WNI,Perempuan,15204
2020,DKI Jakarta,JAKARTA SELATAN,PASAR MINGGU,JATI PADANG,WNI,Perempuan,23521
2020,DKI Jakarta,JAKARTA SELATAN,PASAR MINGGU,CILANDAK TIMUR,WNI,Perempuan,15210
2020,DKI Jakarta,JAKARTA SELATAN,PASAR MINGGU,RAGUNAN,WNI,Perempuan,24281
2020,DKI Jakarta,JAKARTA SELATAN,PASAR MINGGU,PEJATEN TIMUR,WNI,Perempuan,36041
2020,DKI Jakarta,JAKARTA SELATAN,PASAR MINGGU,PEJATEN BARAT,WNI,Perempuan,23000
2020,DKI Jakarta,JAKARTA SELATAN,PASAR MINGGU,KEBAGUSAN,WNI,Perempuan,27814
2020,DKI Jakarta,JAKARTA SELATAN,KEBAYORAN LAMA,KEBAYORAN LAMA UTARA,WNI,Perempuan,26205
2020,DKI Jakarta,JAKARTA SELATAN,KEBAYORAN LAMA,PONDOK PINANG,WNI,Perempuan,34840
2020,DKI Jakarta,JAKARTA SELATAN,KEBAYORAN LAMA,CIPULIR,WNI,Perempuan,24822
2020,DKI Jakarta,JAKARTA SELATAN,KEBAYORAN LAMA,GROGOL UTARA,WNI,Perempuan,26140
2020,DKI Jakarta,JAKARTA SELATAN,KEBAYORAN LAMA,GROGOL SELATAN,WNI,Perempuan,27068
2020,DKI Jakarta,JAKARTA SELATAN,KEBAYORAN LAMA,KEBAYORAN LAMA SELATAN,WNI,Perempuan,25160
2020,DKI Jakarta,JAKARTA SELATAN,CILANDAK,CILANDAK BARAT,WNI,Perempuan,31714
2020,DKI Jakarta,JAKARTA SELATAN,CILANDAK,LEBAK BULUS,WNI,Perempuan,22961
2020,DKI Jakarta,JAKARTA SELATAN,CILANDAK,PONDOK LABU,WNI,Perempuan,28686
2020,DKI Jakarta,JAKARTA SELATAN,CILANDAK,GANDARIA SELATAN,WNI,Perempuan,13751
2020,DKI Jakarta,JAKARTA SELATAN,CILANDAK,CIPETE SELATAN,WNI,Perempuan,16512
2020,DKI Jakarta,JAKARTA SELATAN,KEBAYORAN BARU,MELAWAI,WNI,Perempuan,1633
2020,DKI Jakarta,JAKARTA SELATAN,KEBAYORAN BARU,GUNUNG,WNI,Perempuan,5648
2020,DKI Jakarta,JAKARTA SELATAN,KEBAYORAN BARU,KRAMAT PELA,WNI,Perempuan,8704
2020,DKI Jakarta,JAKARTA SELATAN,KEBAYORAN BARU,SELONG,WNI,Perempuan,1726
2020,DKI Jakarta,JAKARTA SELATAN,KEBAYORAN BARU,RAWA BARAT,WNI,Perempuan,3407
2020,DKI Jakarta,JAKARTA SELATAN,KEBAYORAN BARU,SENAYAN,WNI,Perempuan,1727
2020,DKI Jakarta,JAKARTA SELATAN,KEBAYORAN BARU,PULO,WNI,Perempuan,3568
2020,DKI Jakarta,JAKARTA SELATAN,KEBAYORAN BARU,PETOGOGAN,WNI,Perempuan,7004
2020,DKI Jakarta,JAKARTA SELATAN,KEBAYORAN BARU,GANDARIA UTARA,WNI,Perempuan,24495
2020,DKI Jakarta,JAKARTA SELATAN,KEBAYORAN BARU,CIPETE UTARA,WNI,Perempuan,20997
2020,DKI Jakarta,JAKARTA SELATAN,PANCORAN,PANCORAN,WNI,Perempuan,12085
2020,DKI Jakarta,JAKARTA SELATAN,PANCORAN,KALIBATA,WNI,Perempuan,26320
2020,DKI Jakarta,JAKARTA SELATAN,PANCORAN,RAWA JATI,WNI,Perempuan,12924
2020,DKI Jakarta,JAKARTA SELATAN,PANCORAN,DUREN TIGA,WNI,Perempuan,17178
2020,DKI Jakarta,JAKARTA SELATAN,PANCORAN,PENGADEGAN,WNI,Perempuan,13255
2020,DKI Jakarta,JAKARTA SELATAN,PANCORAN,CIKOKO,WNI,Perempuan,6532
2020,DKI Jakarta,JAKARTA SELATAN,JAGAKARSA,JAGAKARSA,WNI,Perempuan,38593
2020,DKI Jakarta,JAKARTA SELATAN,JAGAKARSA,SRENGSENG SAWAH,WNI,Perempuan,35856
2020,DKI Jakarta,JAKARTA SELATAN,JAGAKARSA,CIGANJUR,WNI,Perempuan,24013
2020,DKI Jakarta,JAKARTA SELATAN,JAGAKARSA,LENTENG AGUNG,WNI,Perempuan,33505
2020,DKI Jakarta,JAKARTA SELATAN,JAGAKARSA,TANJUNG BARAT,WNI,Perempuan,24803
2020,DKI Jakarta,JAKARTA SELATAN,JAGAKARSA,CIPEDAK,WNI,Perempuan,23966
2020,DKI Jakarta,JAKARTA SELATAN,PESANGGRAHAN,PESANGGRAHAN,WNI,Perempuan,17098
2020,DKI Jakarta,JAKARTA SELATAN,PESANGGRAHAN,BINTARO,WNI,Perempuan,32736
2020,DKI Jakarta,JAKARTA SELATAN,PESANGGRAHAN,PETUKANGAN UTARA,WNI,Perempuan,33763
2020,DKI Jakarta,JAKARTA SELATAN,PESANGGRAHAN,PETUKANGAN SELATAN,WNI,Perempuan,23307
2020,DKI Jakarta,JAKARTA SELATAN,PESANGGRAHAN,ULUJAMI,WNI,Perempuan,25460
2020,DKI Jakarta,JAKARTA TIMUR,MATRAMAN,PISANGAN BARU,WNI,Perempuan,19527
2020,DKI Jakarta,JAKARTA TIMUR,MATRAMAN,UTAN KAYU UTARA,WNI,Perempuan,17428
2020,DKI Jakarta,JAKARTA TIMUR,MATRAMAN,KAYU MANIS,WNI,Perempuan,15815
2020,DKI Jakarta,JAKARTA TIMUR,MATRAMAN,PAL MERIAM,WNI,Perempuan,12220
2020,DKI Jakarta,JAKARTA TIMUR,MATRAMAN,KEBON MANGGIS,WNI,Perempuan,9959
2020,DKI Jakarta,JAKARTA TIMUR,MATRAMAN,UTAN KAYU SELATAN,WNI,Perempuan,20768
2020,DKI Jakarta,JAKARTA TIMUR,PULO GADUNG,PULO GADUNG,WNI,Perempuan,21260
2020,DKI Jakarta,JAKARTA TIMUR,PULO GADUNG,PISANGAN TIMUR,WNI,Perempuan,25416
2020,DKI Jakarta,JAKARTA TIMUR,PULO GADUNG,CIPINANG,WNI,Perempuan,24361
2020,DKI Jakarta,JAKARTA TIMUR,PULO GADUNG,JATINEGARA KAUM,WNI,Perempuan,15246
2020,DKI Jakarta,JAKARTA TIMUR,PULO GADUNG,RAWAMANGUN,WNI,Perempuan,23407
2020,DKI Jakarta,JAKARTA TIMUR,PULO GADUNG,KAYU PUTIH,WNI,Perempuan,25107
2020,DKI Jakarta,JAKARTA TIMUR,PULO GADUNG,JATI,WNI,Perempuan,20366
2020,DKI Jakarta,JAKARTA TIMUR,JATINEGARA,KAMPUNG MELAYU,WNI,Perempuan,15905
2020,DKI Jakarta,JAKARTA TIMUR,JATINEGARA,BIDARA CINA,WNI,Perempuan,22652
2020,DKI Jakarta,JAKARTA TIMUR,JATINEGARA,BALI MESTER,WNI,Perempuan,5843
2020,DKI Jakarta,JAKARTA TIMUR,JATINEGARA,RAWA BUNGA,WNI,Perempuan,13256
2020,DKI Jakarta,JAKARTA TIMUR,JATINEGARA,CIPINANG CEMPEDAK,WNI,Perempuan,20113
2020,DKI Jakarta,JAKARTA TIMUR,JATINEGARA,CIPINANG MUARA,WNI,Perempuan,34379
2020,DKI Jakarta,JAKARTA TIMUR,JATINEGARA,CIPINANG BESAR SELATAN,WNI,Perempuan,21918
2020,DKI Jakarta,JAKARTA TIMUR,JATINEGARA,CIPINANG BESAR UTARA,WNI,Perempuan,28982
2020,DKI Jakarta,JAKARTA TIMUR,KRAMAT JATI,KRAMAT JATI,WNI,Perempuan,21067
2020,DKI Jakarta,JAKARTA TIMUR,KRAMAT JATI,KAMPUNG TENGAH,WNI,Perempuan,27693
2020,DKI Jakarta,JAKARTA TIMUR,KRAMAT JATI,DUKUH,WNI,Perempuan,15537
2020,DKI Jakarta,JAKARTA TIMUR,KRAMAT JATI,BATU AMPAR,WNI,Perempuan,30281
2020,DKI Jakarta,JAKARTA TIMUR,KRAMAT JATI,BALE KAMBANG,WNI,Perempuan,18226
2020,DKI Jakarta,JAKARTA TIMUR,KRAMAT JATI,CILILITAN,WNI,Perempuan,24942
2020,DKI Jakarta,JAKARTA TIMUR,KRAMAT JATI,CAWANG,WNI,Perempuan,20174
2020,DKI Jakarta,JAKARTA TIMUR,PASAR REBO,GEDONG,WNI,Perempuan,22359
2020,DKI Jakarta,JAKARTA TIMUR,PASAR REBO,BARU,WNI,Perempuan,14750
2020,DKI Jakarta,JAKARTA TIMUR,PASAR REBO,CIJANTUNG,WNI,Perempuan,25832
2020,DKI Jakarta,JAKARTA TIMUR,PASAR REBO,KALISARI,WNI,Perempuan,26769
2020,DKI Jakarta,JAKARTA TIMUR,PASAR REBO,PEKAYON,WNI,Perempuan,26905
2020,DKI Jakarta,JAKARTA TIMUR,CAKUNG,JATINEGARA,WNI,Perempuan,52347
2020,DKI Jakarta,JAKARTA TIMUR,CAKUNG,RAWA TERATE,WNI,Perempuan,15201
2020,DKI Jakarta,JAKARTA TIMUR,CAKUNG,PENGGILINGAN,WNI,Perempuan,61161
2020,DKI Jakarta,JAKARTA TIMUR,CAKUNG,CAKUNG TIMUR,WNI,Perempuan,36920
2020,DKI Jakarta,JAKARTA TIMUR,CAKUNG,PULO GEBANG,WNI,Perempuan,60922
2020,DKI Jakarta,JAKARTA TIMUR,CAKUNG,UJUNG MENTENG,WNI,Perempuan,18739
2020,DKI Jakarta,JAKARTA TIMUR,CAKUNG,CAKUNG BARAT,WNI,Perempuan,36679
2020,DKI Jakarta,JAKARTA TIMUR,DUREN SAWIT,DUREN SAWIT,WNI,Perempuan,38147
2020,DKI Jakarta,JAKARTA TIMUR,DUREN SAWIT,PONDOK BAMBU,WNI,Perempuan,38155
2020,DKI Jakarta,JAKARTA TIMUR,DUREN SAWIT,KLENDER,WNI,Perempuan,43734
2020,DKI Jakarta,JAKARTA TIMUR,DUREN SAWIT,PONDOK KELAPA,WNI,Perempuan,44892
2020,DKI Jakarta,JAKARTA TIMUR,DUREN SAWIT,MALAKA SARI,WNI,Perempuan,17234
2020,DKI Jakarta,JAKARTA TIMUR,DUREN SAWIT,MALAKA JAYA,WNI,Perempuan,19536
2020,DKI Jakarta,JAKARTA TIMUR,DUREN SAWIT,PONDOK KOPI,WNI,Perempuan,22245
2020,DKI Jakarta,JAKARTA TIMUR,MAKASAR,MAKASAR,WNI,Perempuan,21556
2020,DKI Jakarta,JAKARTA TIMUR,MAKASAR,PINANG RANTI,WNI,Perempuan,17133
2020,DKI Jakarta,JAKARTA TIMUR,MAKASAR,KEBON PALA,WNI,Perempuan,28872
2020,DKI Jakarta,JAKARTA TIMUR,MAKASAR,HALIM PERDANA KUSUMAH,WNI,Perempuan,17638
2020,DKI Jakarta,JAKARTA TIMUR,MAKASAR,CIPINANG MELAYU,WNI,Perempuan,26464
2020,DKI Jakarta,JAKARTA TIMUR,CIRACAS,CIRACAS,WNI,Perempuan,40088
2020,DKI Jakarta,JAKARTA TIMUR,CIRACAS,CIBUBUR,WNI,Perempuan,41297
2020,DKI Jakarta,JAKARTA TIMUR,CIRACAS,KELAPA DUA WETAN,WNI,Perempuan,29315
2020,DKI Jakarta,JAKARTA TIMUR,CIRACAS,SUSUKAN,WNI,Perempuan,23660
2020,DKI Jakarta,JAKARTA TIMUR,CIRACAS,RAMBUTAN,WNI,Perempuan,22916
2020,DKI Jakarta,JAKARTA TIMUR,CIPAYUNG,CIPAYUNG,WNI,Perempuan,16008
2020,DKI Jakarta,JAKARTA TIMUR,CIPAYUNG,CILANGKAP,WNI,Perempuan,17113
2020,DKI Jakarta,JAKARTA TIMUR,CIPAYUNG,PONDOK RANGGON,WNI,Perempuan,15927
2020,DKI Jakarta,JAKARTA TIMUR,CIPAYUNG,MUNJUL,WNI,Perempuan,14862
2020,DKI Jakarta,JAKARTA TIMUR,CIPAYUNG,SETU,WNI,Perempuan,12859
2020,DKI Jakarta,JAKARTA TIMUR,CIPAYUNG,BAMBU APUS,WNI,Perempuan,16347
2020,DKI Jakarta,JAKARTA TIMUR,CIPAYUNG,LUBANG BUAYA,WNI,Perempuan,39823
2020,DKI Jakarta,JAKARTA TIMUR,CIPAYUNG,CEGER,WNI,Perempuan,11663
2020,DKI Jakarta,KAB.ADM.KEP.SERIBU,KEP. SERIBU UTR,P. PANGGANG,WNA,Laki-Laki,0
2020,DKI Jakarta,KAB.ADM.KEP.SERIBU,KEP. SERIBU UTR,P. KELAPA,WNA,Laki-Laki,0
2020,DKI Jakarta,KAB.ADM.KEP.SERIBU,KEP. SERIBU UTR,P. HARAPAN,WNA,Laki-Laki,0
2020,DKI Jakarta,KAB.ADM.KEP.SERIBU,KEP. SERIBU SLT,P. UNTUNG JAWA,WNA,Laki-Laki,0
2020,DKI Jakarta,KAB.ADM.KEP.SERIBU,KEP. SERIBU SLT,P. TIDUNG,WNA,Laki-Laki,0
2020,DKI Jakarta,KAB.ADM.KEP.SERIBU,KEP. SERIBU SLT,P. PARI,WNA,Laki-Laki,0
2020,DKI Jakarta,JAKARTA PUSAT,GAMBIR,GAMBIR,WNA,Laki-Laki,1
2020,DKI Jakarta,JAKARTA PUSAT,GAMBIR,CIDENG,WNA,Laki-Laki,7
2020,DKI Jakarta,JAKARTA PUSAT,GAMBIR,PETOJO UTARA,WNA,Laki-Laki,11
2020,DKI Jakarta,JAKARTA PUSAT,GAMBIR,PETOJO SELATAN,WNA,Laki-Laki,1
2020,DKI Jakarta,JAKARTA PUSAT,GAMBIR,KEBON KELAPA,WNA,Laki-Laki,7
2020,DKI Jakarta,JAKARTA PUSAT,GAMBIR,DURI PULO,WNA,Laki-Laki,1
2020,DKI Jakarta,JAKARTA PUSAT,SAWAH BESAR,PASAR BARU,WNA,Laki-Laki,20
2020,DKI Jakarta,JAKARTA PUSAT,SAWAH BESAR,KARANG ANYAR,WNA,Laki-Laki,4
2020,DKI Jakarta,JAKARTA PUSAT,SAWAH BESAR,KARTINI,WNA,Laki-Laki,4
2020,DKI Jakarta,JAKARTA PUSAT,SAWAH BESAR,GUNUNG SAHARI UTARA,WNA,Laki-Laki,14
2020,DKI Jakarta,JAKARTA PUSAT,SAWAH BESAR,MANGGA DUA SELATAN,WNA,Laki-Laki,43
2020,DKI Jakarta,JAKARTA PUSAT,KEMAYORAN,KEMAYORAN,WNA,Laki-Laki,9
2020,DKI Jakarta,JAKARTA PUSAT,KEMAYORAN,KEBON KOSONG,WNA,Laki-Laki,59
2020,DKI Jakarta,JAKARTA PUSAT,KEMAYORAN,HARAPAN MULIA,WNA,Laki-Laki,0
2020,DKI Jakarta,JAKARTA PUSAT,KEMAYORAN,SERDANG,WNA,Laki-Laki,3
2020,DKI Jakarta,JAKARTA PUSAT,KEMAYORAN,GUNUNG SAHARI SELATAN,WNA,Laki-Laki,8
2020,DKI Jakarta,JAKARTA PUSAT,KEMAYORAN,CEMPAKA BARU,WNA,Laki-Laki,6
2020,DKI Jakarta,JAKARTA PUSAT,KEMAYORAN,SUMUR BATU,WNA,Laki-Laki,20
2020,DKI Jakarta,JAKARTA PUSAT,KEMAYORAN,UTAN PANJANG,WNA,Laki-Laki,2
2020,DKI Jakarta,JAKARTA PUSAT,SENEN,SENEN,WNA,Laki-Laki,10
2020,DKI Jakarta,JAKARTA PUSAT,SENEN,KENARI,WNA,Laki-Laki,2
2020,DKI Jakarta,JAKARTA PUSAT,SENEN,PASEBAN,WNA,Laki-Laki,5
2020,DKI Jakarta,JAKARTA PUSAT,SENEN,KRAMAT,WNA,Laki-Laki,3
2020,DKI Jakarta,JAKARTA PUSAT,SENEN,KWITANG,WNA,Laki-Laki,2
2020,DKI Jakarta,JAKARTA PUSAT,SENEN,BUNGUR,WNA,Laki-Laki,1
2020,DKI Jakarta,JAKARTA PUSAT,CEMPAKA PUTIH,CEMPAKA PUTIH TIMUR,WNA,Laki-Laki,17
2020,DKI Jakarta,JAKARTA PUSAT,CEMPAKA PUTIH,CEMPAKA PUTIH BARAT,WNA,Laki-Laki,12
2020,DKI Jakarta,JAKARTA PUSAT,CEMPAKA PUTIH,RAWASARI,WNA,Laki-Laki,4
2020,DKI Jakarta,JAKARTA PUSAT,MENTENG,MENTENG,WNA,Laki-Laki,14
2020,DKI Jakarta,JAKARTA PUSAT,MENTENG,PEGANGSAAN,WNA,Laki-Laki,4
2020,DKI Jakarta,JAKARTA PUSAT,MENTENG,CIKINI,WNA,Laki-Laki,1
2020,DKI Jakarta,JAKARTA PUSAT,MENTENG,GONDANGDIA,WNA,Laki-Laki,11
2020,DKI Jakarta,JAKARTA PUSAT,MENTENG,KEBON SIRIH,WNA,Laki-Laki,3
2020,DKI Jakarta,JAKARTA PUSAT,TANAH ABANG,GELORA,WNA,Laki-Laki,12
2020,DKI Jakarta,JAKARTA PUSAT,TANAH ABANG,BENDUNGAN HILIR,WNA,Laki-Laki,7
2020,DKI Jakarta,JAKARTA PUSAT,TANAH ABANG,KARET TENGSIN,WNA,Laki-Laki,30
2020,DKI Jakarta,JAKARTA PUSAT,TANAH ABANG,PETAMBURAN,WNA,Laki-Laki,12
2020,DKI Jakarta,JAKARTA PUSAT,TANAH ABANG,KEBON MELATI,WNA,Laki-Laki,16
2020,DKI Jakarta,JAKARTA PUSAT,TANAH ABANG,KEBON KACANG,WNA,Laki-Laki,17
2020,DKI Jakarta,JAKARTA PUSAT,TANAH ABANG,KAMPUNG BALI,WNA,Laki-Laki,1
2020,DKI Jakarta,JAKARTA PUSAT,JOHAR BARU,JOHAR BARU,WNA,Laki-Laki,4
2020,DKI Jakarta,JAKARTA PUSAT,JOHAR BARU,KAMPUNG RAWA,WNA,Laki-Laki,1
2020,DKI Jakarta,JAKARTA PUSAT,JOHAR BARU,GALUR,WNA,Laki-Laki,0
2020,DKI Jakarta,JAKARTA PUSAT,JOHAR BARU,TANAH TINGGI,WNA,Laki-Laki,2
2020,DKI Jakarta,JAKARTA UTARA,PENJARINGAN,PENJARINGAN,WNA,Laki-Laki,13
2020,DKI Jakarta,JAKARTA UTARA,PENJARINGAN,KAMAL MUARA,WNA,Laki-Laki,26
2020,DKI Jakarta,JAKARTA UTARA,PENJARINGAN,KAPUK MUARA,WNA,Laki-Laki,30
2020,DKI Jakarta,JAKARTA UTARA,PENJARINGAN,PEJAGALAN,WNA,Laki-Laki,11
2020,DKI Jakarta,JAKARTA UTARA,PENJARINGAN,PLUIT,WNA,Laki-Laki,48
2020,DKI Jakarta,JAKARTA UTARA,TANJUNG PRIOK,TANJUNG PRIOK,WNA,Laki-Laki,0
2020,DKI Jakarta,JAKARTA UTARA,TANJUNG PRIOK,SUNTER JAYA,WNA,Laki-Laki,33
2020,DKI Jakarta,JAKARTA UTARA,TANJUNG PRIOK,PAPANGGO,WNA,Laki-Laki,29
2020,DKI Jakarta,JAKARTA UTARA,TANJUNG PRIOK,SUNGAI BAMBU,WNA,Laki-Laki,1
2020,DKI Jakarta,JAKARTA UTARA,TANJUNG PRIOK,KEBON BAWANG,WNA,Laki-Laki,2
2020,DKI Jakarta,JAKARTA UTARA,TANJUNG PRIOK,SUNTER AGUNG,WNA,Laki-Laki,58
2020,DKI Jakarta,JAKARTA UTARA,TANJUNG PRIOK,WARAKAS,WNA,Laki-Laki,1
2020,DKI Jakarta,JAKARTA UTARA,KOJA,KOJA,WNA,Laki-Laki,1
2020,DKI Jakarta,JAKARTA UTARA,KOJA,TUGU UTARA,WNA,Laki-Laki,2
2020,DKI Jakarta,JAKARTA UTARA,KOJA,LAGOA,WNA,Laki-Laki,0
2020,DKI Jakarta,JAKARTA UTARA,KOJA,RAWA BADAK UTARA,WNA,Laki-Laki,2
2020,DKI Jakarta,JAKARTA UTARA,KOJA,TUGU SELATAN,WNA,Laki-Laki,0
2020,DKI Jakarta,JAKARTA UTARA,KOJA,RAWA BADAK SELATAN,WNA,Laki-Laki,3
2020,DKI Jakarta,JAKARTA UTARA,CILINCING,CILINCING,WNA,Laki-Laki,2
2020,DKI Jakarta,JAKARTA UTARA,CILINCING,SUKAPURA,WNA,Laki-Laki,5
2020,DKI Jakarta,JAKARTA UTARA,CILINCING,MARUNDA,WNA,Laki-Laki,0
2020,DKI Jakarta,JAKARTA UTARA,CILINCING,KALI BARU,WNA,Laki-Laki,0
2020,DKI Jakarta,JAKARTA UTARA,CILINCING,SEMPER TIMUR,WNA,Laki-Laki,0
2020,DKI Jakarta,JAKARTA UTARA,CILINCING,ROROTAN,WNA,Laki-Laki,0
2020,DKI Jakarta,JAKARTA UTARA,CILINCING,SEMPER BARAT,WNA,Laki-Laki,2
2020,DKI Jakarta,JAKARTA UTARA,PADEMANGAN,PADEMANGAN TIMUR,WNA,Laki-Laki,25
2020,DKI Jakarta,JAKARTA UTARA,PADEMANGAN,PADEMANGAN BARAT,WNA,Laki-Laki,30
2020,DKI Jakarta,JAKARTA UTARA,PADEMANGAN,ANCOL,WNA,Laki-Laki,33
2020,DKI Jakarta,JAKARTA UTARA,KELAPA GADING,KELAPA GADING TIMUR,WNA,Laki-Laki,19
2020,DKI Jakarta,JAKARTA UTARA,KELAPA GADING,PEGANGSAAN DUA,WNA,Laki-Laki,39
2020,DKI Jakarta,JAKARTA UTARA,KELAPA GADING,KELAPA GADING BARAT,WNA,Laki-Laki,94
2020,DKI Jakarta,JAKARTA BARAT,CENGKARENG,CENGKARENG BARAT,WNA,Laki-Laki,8
2020,DKI Jakarta,JAKARTA BARAT,CENGKARENG,DURI KOSAMBI,WNA,Laki-Laki,8
2020,DKI Jakarta,JAKARTA BARAT,CENGKARENG,RAWA BUAYA,WNA,Laki-Laki,5
2020,DKI Jakarta,JAKARTA BARAT,CENGKARENG,KEDAUNG KALI ANGKE,WNA,Laki-Laki,5
2020,DKI Jakarta,JAKARTA BARAT,CENGKARENG,KAPUK,WNA,Laki-Laki,2
2020,DKI Jakarta,JAKARTA BARAT,CENGKARENG,CENGKARENG TIMUR,WNA,Laki-Laki,37
2020,DKI Jakarta,JAKARTA BARAT,GROGOL PETAMBURAN,GROGOL,WNA,Laki-Laki,1
2020,DKI Jakarta,JAKARTA BARAT,GROGOL PETAMBURAN,TANJUNG DUREN UTARA,WNA,Laki-Laki,8
2020,DKI Jakarta,JAKARTA BARAT,GROGOL PETAMBURAN,TOMANG,WNA,Laki-Laki,8
2020,DKI Jakarta,JAKARTA BARAT,GROGOL PETAMBURAN,JELAMBAR,WNA,Laki-Laki,6
2020,DKI Jakarta,JAKARTA BARAT,GROGOL PETAMBURAN,TANJUNG DUREN SELATAN,WNA,Laki-Laki,65
2020,DKI Jakarta,JAKARTA BARAT,GROGOL PETAMBURAN,JELAMBAR BARU,WNA,Laki-Laki,8
2020,DKI Jakarta,JAKARTA BARAT,GROGOL PETAMBURAN,WIJAYA KUSUMA,WNA,Laki-Laki,5
2020,DKI Jakarta,JAKARTA BARAT,TAMAN SARI,TAMAN SARI,WNA,Laki-Laki,2
2020,DKI Jakarta,JAKARTA BARAT,TAMAN SARI,KRUKUT,WNA,Laki-Laki,3
2020,DKI Jakarta,JAKARTA BARAT,TAMAN SARI,MAPHAR,WNA,Laki-Laki,5
2020,DKI Jakarta,JAKARTA BARAT,TAMAN SARI,TANGKI,WNA,Laki-Laki,2
2020,DKI Jakarta,JAKARTA BARAT,TAMAN SARI,MANGGA BESAR,WNA,Laki-Laki,3
2020,DKI Jakarta,JAKARTA BARAT,TAMAN SARI,KEAGUNGAN,WNA,Laki-Laki,6
2020,DKI Jakarta,JAKARTA BARAT,TAMAN SARI,GLODOK,WNA,Laki-Laki,6
2020,DKI Jakarta,JAKARTA BARAT,TAMAN SARI,PINANGSIA,WNA,Laki-Laki,9
2020,DKI Jakarta,JAKARTA BARAT,TAMBORA,TAMBORA,WNA,Laki-Laki,0
2020,DKI Jakarta,JAKARTA BARAT,TAMBORA,KALI ANYAR,WNA,Laki-Laki,0
2020,DKI Jakarta,JAKARTA BARAT,TAMBORA,DURI UTARA,WNA,Laki-Laki,2
2020,DKI Jakarta,JAKARTA BARAT,TAMBORA,TANAH SEREAL,WNA,Laki-Laki,5
2020,DKI Jakarta,JAKARTA BARAT,TAMBORA,KERENDANG,WNA,Laki-Laki,0
2020,DKI Jakarta,JAKARTA BARAT,TAMBORA,JEMBATAN BESI,WNA,Laki-Laki,6
2020,DKI Jakarta,JAKARTA BARAT,TAMBORA,ANGKE,WNA,Laki-Laki,4
2020,DKI Jakarta,JAKARTA BARAT,TAMBORA,JEMBATAN LIMA,WNA,Laki-Laki,4
2020,DKI Jakarta,JAKARTA BARAT,TAMBORA,PEKOJAN,WNA,Laki-Laki,5
2020,DKI Jakarta,JAKARTA BARAT,TAMBORA,ROA MALAKA,WNA,Laki-Laki,4
2020,DKI Jakarta,JAKARTA BARAT,TAMBORA,DURI SELATAN,WNA,Laki-Laki,4
2020,DKI Jakarta,JAKARTA BARAT,KEBON JERUK,KEBON JERUK,WNA,Laki-Laki,17
2020,DKI Jakarta,JAKARTA BARAT,KEBON JERUK,SUKABUMI UTARA,WNA,Laki-Laki,5
2020,DKI Jakarta,JAKARTA BARAT,KEBON JERUK,SUKABUMI SELATAN,WNA,Laki-Laki,2
2020,DKI Jakarta,JAKARTA BARAT,KEBON JERUK,KELAPA DUA,WNA,Laki-Laki,12
2020,DKI Jakarta,JAKARTA BARAT,KEBON JERUK,DURI KEPA,WNA,Laki-Laki,11
2020,DKI Jakarta,JAKARTA BARAT,KEBON JERUK,KEDOYA UTARA,WNA,Laki-Laki,13
2020,DKI Jakarta,JAKARTA BARAT,KEBON JERUK,KEDOYA SELATAN,WNA,Laki-Laki,18
2020,DKI Jakarta,JAKARTA BARAT,KALI DERES,KALIDERES,WNA,Laki-Laki,14
2020,DKI Jakarta,JAKARTA BARAT,KALI DERES,SEMANAN,WNA,Laki-Laki,3
2020,DKI Jakarta,JAKARTA BARAT,KALI DERES,TEGAL ALUR,WNA,Laki-Laki,4
2020,DKI Jakarta,JAKARTA BARAT,KALI DERES,KAMAL,WNA,Laki-Laki,0
2020,DKI Jakarta,JAKARTA BARAT,KALI DERES,PEGADUNGAN,WNA,Laki-Laki,14
2020,DKI Jakarta,JAKARTA BARAT,PALMERAH,PALMERAH,WNA,Laki-Laki,12
2020,DKI Jakarta,JAKARTA BARAT,PALMERAH,SLIPI,WNA,Laki-Laki,7
2020,DKI Jakarta,JAKARTA BARAT,PALMERAH,KOTA BAMBU UTARA,WNA,Laki-Laki,4
2020,DKI Jakarta,JAKARTA BARAT,PALMERAH,JATI PULO,WNA,Laki-Laki,4
2020,DKI Jakarta,JAKARTA BARAT,PALMERAH,KEMANGGISAN,WNA,Laki-Laki,21
2020,DKI Jakarta,JAKARTA BARAT,PALMERAH,KOTA BAMBU SELATAN,WNA,Laki-Laki,7
2020,DKI Jakarta,JAKARTA BARAT,KEMBANGAN,KEMBANGAN UTARA,WNA,Laki-Laki,7
2020,DKI Jakarta,JAKARTA BARAT,KEMBANGAN,MERUYA UTARA,WNA,Laki-Laki,9
2020,DKI Jakarta,JAKARTA BARAT,KEMBANGAN,MERUYA SELATAN,WNA,Laki-Laki,2
2020,DKI Jakarta,JAKARTA BARAT,KEMBANGAN,SRENGSENG,WNA,Laki-Laki,19
2020,DKI Jakarta,JAKARTA BARAT,KEMBANGAN,JOGLO,WNA,Laki-Laki,6
2020,DKI Jakarta,JAKARTA BARAT,KEMBANGAN,KEMBANGAN SELATAN,WNA,Laki-Laki,27
2020,DKI Jakarta,JAKARTA SELATAN,TEBET,TEBET TIMUR,WNA,Laki-Laki,3
2020,DKI Jakarta,JAKARTA SELATAN,TEBET,TEBET BARAT,WNA,Laki-Laki,9
2020,DKI Jakarta,JAKARTA SELATAN,TEBET,MENTENG DALAM,WNA,Laki-Laki,40
2020,DKI Jakarta,JAKARTA SELATAN,TEBET,KEBON BARU,WNA,Laki-Laki,6
2020,DKI Jakarta,JAKARTA SELATAN,TEBET,BUKIT DURI,WNA,Laki-Laki,4
2020,DKI Jakarta,JAKARTA SELATAN,TEBET,MANGGARAI SELATAN,WNA,Laki-Laki,1
2020,DKI Jakarta,JAKARTA SELATAN,TEBET,MANGGARAI,WNA,Laki-Laki,1
2020,DKI Jakarta,JAKARTA SELATAN,SETIA BUDI,SETIA BUDI,WNA,Laki-Laki,14
2020,DKI Jakarta,JAKARTA SELATAN,SETIA BUDI,KARET SEMANGGI,WNA,Laki-Laki,7
2020,DKI Jakarta,JAKARTA SELATAN,SETIA BUDI,KARET KUNINGAN,WNA,Laki-Laki,28
2020,DKI Jakarta,JAKARTA SELATAN,SETIA BUDI,KARET,WNA,Laki-Laki,15
2020,DKI Jakarta,JAKARTA SELATAN,SETIA BUDI,MENTENG ATAS,WNA,Laki-Laki,29
2020,DKI Jakarta,JAKARTA SELATAN,SETIA BUDI,PASAR MANGGIS,WNA,Laki-Laki,3
2020,DKI Jakarta,JAKARTA SELATAN,SETIA BUDI,GUNTUR,WNA,Laki-Laki,7
2020,DKI Jakarta,JAKARTA SELATAN,SETIA BUDI,KUNINGAN TIMUR,WNA,Laki-Laki,26
2020,DKI Jakarta,JAKARTA SELATAN,MAMPANG PRAPATAN,MAMPANG PRAPATAN,WNA,Laki-Laki,1
2020,DKI Jakarta,JAKARTA SELATAN,MAMPANG PRAPATAN,BANGKA,WNA,Laki-Laki,117
2020,DKI Jakarta,JAKARTA SELATAN,MAMPANG PRAPATAN,PELA MAMPANG,WNA,Laki-Laki,32
2020,DKI Jakarta,JAKARTA SELATAN,MAMPANG PRAPATAN,TEGAL PARANG,WNA,Laki-Laki,0
2020,DKI Jakarta,JAKARTA SELATAN,MAMPANG PRAPATAN,KUNINGAN BARAT,WNA,Laki-Laki,7
2020,DKI Jakarta,JAKARTA SELATAN,PASAR MINGGU,PASAR MINGGU,WNA,Laki-Laki,11
2020,DKI Jakarta,JAKARTA SELATAN,PASAR MINGGU,JATI PADANG,WNA,Laki-Laki,10
2020,DKI Jakarta,JAKARTA SELATAN,PASAR MINGGU,CILANDAK TIMUR,WNA,Laki-Laki,47
2020,DKI Jakarta,JAKARTA SELATAN,PASAR MINGGU,RAGUNAN,WNA,Laki-Laki,15
2020,DKI Jakarta,JAKARTA SELATAN,PASAR MINGGU,PEJATEN TIMUR,WNA,Laki-Laki,4
2020,DKI Jakarta,JAKARTA SELATAN,PASAR MINGGU,PEJATEN BARAT,WNA,Laki-Laki,30
2020,DKI Jakarta,JAKARTA SELATAN,PASAR MINGGU,KEBAGUSAN,WNA,Laki-Laki,6
2020,DKI Jakarta,JAKARTA SELATAN,KEBAYORAN LAMA,KEBAYORAN LAMA UTARA,WNA,Laki-Laki,14
2020,DKI Jakarta,JAKARTA SELATAN,KEBAYORAN LAMA,PONDOK PINANG,WNA,Laki-Laki,62
2020,DKI Jakarta,JAKARTA SELATAN,KEBAYORAN LAMA,CIPULIR,WNA,Laki-Laki,2
2020,DKI Jakarta,JAKARTA SELATAN,KEBAYORAN LAMA,GROGOL UTARA,WNA,Laki-Laki,48
2020,DKI Jakarta,JAKARTA SELATAN,KEBAYORAN LAMA,GROGOL SELATAN,WNA,Laki-Laki,42
2020,DKI Jakarta,JAKARTA SELATAN,KEBAYORAN LAMA,KEBAYORAN LAMA SELATAN,WNA,Laki-Laki,5
2020,DKI Jakarta,JAKARTA SELATAN,CILANDAK,CILANDAK BARAT,WNA,Laki-Laki,80
2020,DKI Jakarta,JAKARTA SELATAN,CILANDAK,LEBAK BULUS,WNA,Laki-Laki,43
2020,DKI Jakarta,JAKARTA SELATAN,CILANDAK,PONDOK LABU,WNA,Laki-Laki,18
2020,DKI Jakarta,JAKARTA SELATAN,CILANDAK,GANDARIA SELATAN,WNA,Laki-Laki,11
2020,DKI Jakarta,JAKARTA SELATAN,CILANDAK,CIPETE SELATAN,WNA,Laki-Laki,53
2020,DKI Jakarta,JAKARTA SELATAN,KEBAYORAN BARU,MELAWAI,WNA,Laki-Laki,11
2020,DKI Jakarta,JAKARTA SELATAN,KEBAYORAN BARU,GUNUNG,WNA,Laki-Laki,31
2020,DKI Jakarta,JAKARTA SELATAN,KEBAYORAN BARU,KRAMAT PELA,WNA,Laki-Laki,12
2020,DKI Jakarta,JAKARTA SELATAN,KEBAYORAN BARU,SELONG,WNA,Laki-Laki,6
2020,DKI Jakarta,JAKARTA SELATAN,KEBAYORAN BARU,RAWA BARAT,WNA,Laki-Laki,10
2020,DKI Jakarta,JAKARTA SELATAN,KEBAYORAN BARU,SENAYAN,WNA,Laki-Laki,30
2020,DKI Jakarta,JAKARTA SELATAN,KEBAYORAN BARU,PULO,WNA,Laki-Laki,20
2020,DKI Jakarta,JAKARTA SELATAN,KEBAYORAN BARU,PETOGOGAN,WNA,Laki-Laki,5
2020,DKI Jakarta,JAKARTA SELATAN,KEBAYORAN BARU,GANDARIA UTARA,WNA,Laki-Laki,10
2020,DKI Jakarta,JAKARTA SELATAN,KEBAYORAN BARU,CIPETE UTARA,WNA,Laki-Laki,51
2020,DKI Jakarta,JAKARTA SELATAN,PANCORAN,PANCORAN,WNA,Laki-Laki,11
2020,DKI Jakarta,JAKARTA SELATAN,PANCORAN,KALIBATA,WNA,Laki-Laki,17
2020,DKI Jakarta,JAKARTA SELATAN,PANCORAN,RAWA JATI,WNA,Laki-Laki,9
2020,DKI Jakarta,JAKARTA SELATAN,PANCORAN,DUREN TIGA,WNA,Laki-Laki,6
2020,DKI Jakarta,JAKARTA SELATAN,PANCORAN,PENGADEGAN,WNA,Laki-Laki,3
2020,DKI Jakarta,JAKARTA SELATAN,PANCORAN,CIKOKO,WNA,Laki-Laki,0
2020,DKI Jakarta,JAKARTA SELATAN,JAGAKARSA,JAGAKARSA,WNA,Laki-Laki,29
2020,DKI Jakarta,JAKARTA SELATAN,JAGAKARSA,SRENGSENG SAWAH,WNA,Laki-Laki,5
2020,DKI Jakarta,JAKARTA SELATAN,JAGAKARSA,CIGANJUR,WNA,Laki-Laki,12
2020,DKI Jakarta,JAKARTA SELATAN,JAGAKARSA,LENTENG AGUNG,WNA,Laki-Laki,2
2020,DKI Jakarta,JAKARTA SELATAN,JAGAKARSA,TANJUNG BARAT,WNA,Laki-Laki,12
2020,DKI Jakarta,JAKARTA SELATAN,JAGAKARSA,CIPEDAK,WNA,Laki-Laki,6
2020,DKI Jakarta,JAKARTA SELATAN,PESANGGRAHAN,PESANGGRAHAN,WNA,Laki-Laki,4
2020,DKI Jakarta,JAKARTA SELATAN,PESANGGRAHAN,BINTARO,WNA,Laki-Laki,25
2020,DKI Jakarta,JAKARTA SELATAN,PESANGGRAHAN,PETUKANGAN UTARA,WNA,Laki-Laki,3
2020,DKI Jakarta,JAKARTA SELATAN,PESANGGRAHAN,PETUKANGAN SELATAN,WNA,Laki-Laki,9
2020,DKI Jakarta,JAKARTA SELATAN,PESANGGRAHAN,ULUJAMI,WNA,Laki-Laki,1
2020,DKI Jakarta,JAKARTA TIMUR,MATRAMAN,PISANGAN BARU,WNA,Laki-Laki,1
2020,DKI Jakarta,JAKARTA TIMUR,MATRAMAN,UTAN KAYU UTARA,WNA,Laki-Laki,2
2020,DKI Jakarta,JAKARTA TIMUR,MATRAMAN,KAYU MANIS,WNA,Laki-Laki,1
2020,DKI Jakarta,JAKARTA TIMUR,MATRAMAN,PAL MERIAM,WNA,Laki-Laki,3
2020,DKI Jakarta,JAKARTA TIMUR,MATRAMAN,KEBON MANGGIS,WNA,Laki-Laki,0
2020,DKI Jakarta,JAKARTA TIMUR,MATRAMAN,UTAN KAYU SELATAN,WNA,Laki-Laki,1
2020,DKI Jakarta,JAKARTA TIMUR,PULO GADUNG,PULO GADUNG,WNA,Laki-Laki,3
2020,DKI Jakarta,JAKARTA TIMUR,PULO GADUNG,PISANGAN TIMUR,WNA,Laki-Laki,4
2020,DKI Jakarta,JAKARTA TIMUR,PULO GADUNG,CIPINANG,WNA,Laki-Laki,2
2020,DKI Jakarta,JAKARTA TIMUR,PULO GADUNG,JATINEGARA KAUM,WNA,Laki-Laki,0
2020,DKI Jakarta,JAKARTA TIMUR,PULO GADUNG,RAWAMANGUN,WNA,Laki-Laki,2
2020,DKI Jakarta,JAKARTA TIMUR,PULO GADUNG,KAYU PUTIH,WNA,Laki-Laki,18
2020,DKI Jakarta,JAKARTA TIMUR,PULO GADUNG,JATI,WNA,Laki-Laki,6
2020,DKI Jakarta,JAKARTA TIMUR,JATINEGARA,KAMPUNG MELAYU,WNA,Laki-Laki,0
2020,DKI Jakarta,JAKARTA TIMUR,JATINEGARA,BIDARA CINA,WNA,Laki-Laki,2
2020,DKI Jakarta,JAKARTA TIMUR,JATINEGARA,BALI MESTER,WNA,Laki-Laki,2
2020,DKI Jakarta,JAKARTA TIMUR,JATINEGARA,RAWA BUNGA,WNA,Laki-Laki,0
2020,DKI Jakarta,JAKARTA TIMUR,JATINEGARA,CIPINANG CEMPEDAK,WNA,Laki-Laki,9
2020,DKI Jakarta,JAKARTA TIMUR,JATINEGARA,CIPINANG MUARA,WNA,Laki-Laki,14
2020,DKI Jakarta,JAKARTA TIMUR,JATINEGARA,CIPINANG BESAR SELATAN,WNA,Laki-Laki,4
2020,DKI Jakarta,JAKARTA TIMUR,JATINEGARA,CIPINANG BESAR UTARA,WNA,Laki-Laki,0
2020,DKI Jakarta,JAKARTA TIMUR,KRAMAT JATI,KRAMAT JATI,WNA,Laki-Laki,1
2020,DKI Jakarta,JAKARTA TIMUR,KRAMAT JATI,KAMPUNG TENGAH,WNA,Laki-Laki,0
2020,DKI Jakarta,JAKARTA TIMUR,KRAMAT JATI,DUKUH,WNA,Laki-Laki,1
2020,DKI Jakarta,JAKARTA TIMUR,KRAMAT JATI,BATU AMPAR,WNA,Laki-Laki,7
2020,DKI Jakarta,JAKARTA TIMUR,KRAMAT JATI,BALE KAMBANG,WNA,Laki-Laki,4
2020,DKI Jakarta,JAKARTA TIMUR,KRAMAT JATI,CILILITAN,WNA,Laki-Laki,0
2020,DKI Jakarta,JAKARTA TIMUR,KRAMAT JATI,CAWANG,WNA,Laki-Laki,2
2020,DKI Jakarta,JAKARTA TIMUR,PASAR REBO,GEDONG,WNA,Laki-Laki,6
2020,DKI Jakarta,JAKARTA TIMUR,PASAR REBO,BARU,WNA,Laki-Laki,2
2020,DKI Jakarta,JAKARTA TIMUR,PASAR REBO,CIJANTUNG,WNA,Laki-Laki,2
2020,DKI Jakarta,JAKARTA TIMUR,PASAR REBO,KALISARI,WNA,Laki-Laki,2
2020,DKI Jakarta,JAKARTA TIMUR,PASAR REBO,PEKAYON,WNA,Laki-Laki,2
2020,DKI Jakarta,JAKARTA TIMUR,CAKUNG,JATINEGARA,WNA,Laki-Laki,1
2020,DKI Jakarta,JAKARTA TIMUR,CAKUNG,RAWA TERATE,WNA,Laki-Laki,0
2020,DKI Jakarta,JAKARTA TIMUR,CAKUNG,PENGGILINGAN,WNA,Laki-Laki,5
2020,DKI Jakarta,JAKARTA TIMUR,CAKUNG,CAKUNG TIMUR,WNA,Laki-Laki,9
2020,DKI Jakarta,JAKARTA TIMUR,CAKUNG,PULO GEBANG,WNA,Laki-Laki,2
2020,DKI Jakarta,JAKARTA TIMUR,CAKUNG,UJUNG MENTENG,WNA,Laki-Laki,3
2020,DKI Jakarta,JAKARTA TIMUR,CAKUNG,CAKUNG BARAT,WNA,Laki-Laki,0
2020,DKI Jakarta,JAKARTA TIMUR,DUREN SAWIT,DUREN SAWIT,WNA,Laki-Laki,3
2020,DKI Jakarta,JAKARTA TIMUR,DUREN SAWIT,PONDOK BAMBU,WNA,Laki-Laki,9
2020,DKI Jakarta,JAKARTA TIMUR,DUREN SAWIT,KLENDER,WNA,Laki-Laki,3
2020,DKI Jakarta,JAKARTA TIMUR,DUREN SAWIT,PONDOK KELAPA,WNA,Laki-Laki,8
2020,DKI Jakarta,JAKARTA TIMUR,DUREN SAWIT,MALAKA SARI,WNA,Laki-Laki,1
2020,DKI Jakarta,JAKARTA TIMUR,DUREN SAWIT,MALAKA JAYA,WNA,Laki-Laki,0
2020,DKI Jakarta,JAKARTA TIMUR,DUREN SAWIT,PONDOK KOPI,WNA,Laki-Laki,1
2020,DKI Jakarta,JAKARTA TIMUR,MAKASAR,MAKASAR,WNA,Laki-Laki,2
2020,DKI Jakarta,JAKARTA TIMUR,MAKASAR,PINANG RANTI,WNA,Laki-Laki,0
2020,DKI Jakarta,JAKARTA TIMUR,MAKASAR,KEBON PALA,WNA,Laki-Laki,0
2020,DKI Jakarta,JAKARTA TIMUR,MAKASAR,HALIM PERDANA KUSUMAH,WNA,Laki-Laki,0
2020,DKI Jakarta,JAKARTA TIMUR,MAKASAR,CIPINANG MELAYU,WNA,Laki-Laki,3
2020,DKI Jakarta,JAKARTA TIMUR,CIRACAS,CIRACAS,WNA,Laki-Laki,1
2020,DKI Jakarta,JAKARTA TIMUR,CIRACAS,CIBUBUR,WNA,Laki-Laki,5
2020,DKI Jakarta,JAKARTA TIMUR,CIRACAS,KELAPA DUA WETAN,WNA,Laki-Laki,1
2020,DKI Jakarta,JAKARTA TIMUR,CIRACAS,SUSUKAN,WNA,Laki-Laki,0
2020,DKI Jakarta,JAKARTA TIMUR,CIRACAS,RAMBUTAN,WNA,Laki-Laki,1
2020,DKI Jakarta,JAKARTA TIMUR,CIPAYUNG,CIPAYUNG,WNA,Laki-Laki,0
2020,DKI Jakarta,JAKARTA TIMUR,CIPAYUNG,CILANGKAP,WNA,Laki-Laki,0
2020,DKI Jakarta,JAKARTA TIMUR,CIPAYUNG,PONDOK RANGGON,WNA,Laki-Laki,0
2020,DKI Jakarta,JAKARTA TIMUR,CIPAYUNG,MUNJUL,WNA,Laki-Laki,0
2020,DKI Jakarta,JAKARTA TIMUR,CIPAYUNG,SETU,WNA,Laki-Laki,7
2020,DKI Jakarta,JAKARTA TIMUR,CIPAYUNG,BAMBU APUS,WNA,Laki-Laki,2
2020,DKI Jakarta,JAKARTA TIMUR,CIPAYUNG,LUBANG BUAYA,WNA,Laki-Laki,1
2020,DKI Jakarta,JAKARTA TIMUR,CIPAYUNG,CEGER,WNA,Laki-Laki,1
2020,DKI Jakarta,KAB.ADM.KEP.SERIBU,KEP. SERIBU UTR,P. PANGGANG,WNA,Perempuan,0
2020,DKI Jakarta,KAB.ADM.KEP.SERIBU,KEP. SERIBU UTR,P. KELAPA,WNA,Perempuan,0
2020,DKI Jakarta,KAB.ADM.KEP.SERIBU,KEP. SERIBU UTR,P. HARAPAN,WNA,Perempuan,0
2020,DKI Jakarta,KAB.ADM.KEP.SERIBU,KEP. SERIBU SLT,P. UNTUNG JAWA,WNA,Perempuan,0
2020,DKI Jakarta,KAB.ADM.KEP.SERIBU,KEP. SERIBU SLT,P. TIDUNG,WNA,Perempuan,0
2020,DKI Jakarta,KAB.ADM.KEP.SERIBU,KEP. SERIBU SLT,P. PARI,WNA,Perempuan,0
2020,DKI Jakarta,JAKARTA PUSAT,GAMBIR,GAMBIR,WNA,Perempuan,1
2020,DKI Jakarta,JAKARTA PUSAT,GAMBIR,CIDENG,WNA,Perempuan,9
2020,DKI Jakarta,JAKARTA PUSAT,GAMBIR,PETOJO UTARA,WNA,Perempuan,9
2020,DKI Jakarta,JAKARTA PUSAT,GAMBIR,PETOJO SELATAN,WNA,Perempuan,2
2020,DKI Jakarta,JAKARTA PUSAT,GAMBIR,KEBON KELAPA,WNA,Perempuan,6
2020,DKI Jakarta,JAKARTA PUSAT,GAMBIR,DURI PULO,WNA,Perempuan,1
2020,DKI Jakarta,JAKARTA PUSAT,SAWAH BESAR,PASAR BARU,WNA,Perempuan,45
2020,DKI Jakarta,JAKARTA PUSAT,SAWAH BESAR,KARANG ANYAR,WNA,Perempuan,5
2020,DKI Jakarta,JAKARTA PUSAT,SAWAH BESAR,KARTINI,WNA,Perempuan,2
2020,DKI Jakarta,JAKARTA PUSAT,SAWAH BESAR,GUNUNG SAHARI UTARA,WNA,Perempuan,21
2020,DKI Jakarta,JAKARTA PUSAT,SAWAH BESAR,MANGGA DUA SELATAN,WNA,Perempuan,25
2020,DKI Jakarta,JAKARTA PUSAT,KEMAYORAN,KEMAYORAN,WNA,Perempuan,7
2020,DKI Jakarta,JAKARTA PUSAT,KEMAYORAN,KEBON KOSONG,WNA,Perempuan,39
2020,DKI Jakarta,JAKARTA PUSAT,KEMAYORAN,HARAPAN MULIA,WNA,Perempuan,1
2020,DKI Jakarta,JAKARTA PUSAT,KEMAYORAN,SERDANG,WNA,Perempuan,0
2020,DKI Jakarta,JAKARTA PUSAT,KEMAYORAN,GUNUNG SAHARI SELATAN,WNA,Perempuan,10
2020,DKI Jakarta,JAKARTA PUSAT,KEMAYORAN,CEMPAKA BARU,WNA,Perempuan,6
2020,DKI Jakarta,JAKARTA PUSAT,KEMAYORAN,SUMUR BATU,WNA,Perempuan,9
2020,DKI Jakarta,JAKARTA PUSAT,KEMAYORAN,UTAN PANJANG,WNA,Perempuan,1
2020,DKI Jakarta,JAKARTA PUSAT,SENEN,SENEN,WNA,Perempuan,6
2020,DKI Jakarta,JAKARTA PUSAT,SENEN,KENARI,WNA,Perempuan,1
2020,DKI Jakarta,JAKARTA PUSAT,SENEN,PASEBAN,WNA,Perempuan,1
2020,DKI Jakarta,JAKARTA PUSAT,SENEN,KRAMAT,WNA,Perempuan,2
2020,DKI Jakarta,JAKARTA PUSAT,SENEN,KWITANG,WNA,Perempuan,0
2020,DKI Jakarta,JAKARTA PUSAT,SENEN,BUNGUR,WNA,Perempuan,3
2020,DKI Jakarta,JAKARTA PUSAT,CEMPAKA PUTIH,CEMPAKA PUTIH TIMUR,WNA,Perempuan,18
2020,DKI Jakarta,JAKARTA PUSAT,CEMPAKA PUTIH,CEMPAKA PUTIH BARAT,WNA,Perempuan,3
2020,DKI Jakarta,JAKARTA PUSAT,CEMPAKA PUTIH,RAWASARI,WNA,Perempuan,1
2020,DKI Jakarta,JAKARTA PUSAT,MENTENG,MENTENG,WNA,Perempuan,16
2020,DKI Jakarta,JAKARTA PUSAT,MENTENG,PEGANGSAAN,WNA,Perempuan,0
2020,DKI Jakarta,JAKARTA PUSAT,MENTENG,CIKINI,WNA,Perempuan,3
2020,DKI Jakarta,JAKARTA PUSAT,MENTENG,GONDANGDIA,WNA,Perempuan,6
2020,DKI Jakarta,JAKARTA PUSAT,MENTENG,KEBON SIRIH,WNA,Perempuan,2
2020,DKI Jakarta,JAKARTA PUSAT,TANAH ABANG,GELORA,WNA,Perempuan,8
2020,DKI Jakarta,JAKARTA PUSAT,TANAH ABANG,BENDUNGAN HILIR,WNA,Perempuan,4
2020,DKI Jakarta,JAKARTA PUSAT,TANAH ABANG,KARET TENGSIN,WNA,Perempuan,13
2020,DKI Jakarta,JAKARTA PUSAT,TANAH ABANG,PETAMBURAN,WNA,Perempuan,9
2020,DKI Jakarta,JAKARTA PUSAT,TANAH ABANG,KEBON MELATI,WNA,Perempuan,4
2020,DKI Jakarta,JAKARTA PUSAT,TANAH ABANG,KEBON KACANG,WNA,Perempuan,12
2020,DKI Jakarta,JAKARTA PUSAT,TANAH ABANG,KAMPUNG BALI,WNA,Perempuan,3
2020,DKI Jakarta,JAKARTA PUSAT,JOHAR BARU,JOHAR BARU,WNA,Perempuan,1
2020,DKI Jakarta,JAKARTA PUSAT,JOHAR BARU,KAMPUNG RAWA,WNA,Perempuan,1
2020,DKI Jakarta,JAKARTA PUSAT,JOHAR BARU,GALUR,WNA,Perempuan,1
2020,DKI Jakarta,JAKARTA PUSAT,JOHAR BARU,TANAH TINGGI,WNA,Perempuan,1
2020,DKI Jakarta,JAKARTA UTARA,PENJARINGAN,PENJARINGAN,WNA,Perempuan,15
2020,DKI Jakarta,JAKARTA UTARA,PENJARINGAN,KAMAL MUARA,WNA,Perempuan,24
2020,DKI Jakarta,JAKARTA UTARA,PENJARINGAN,KAPUK MUARA,WNA,Perempuan,36
2020,DKI Jakarta,JAKARTA UTARA,PENJARINGAN,PEJAGALAN,WNA,Perempuan,9
2020,DKI Jakarta,JAKARTA UTARA,PENJARINGAN,PLUIT,WNA,Perempuan,50
2020,DKI Jakarta,JAKARTA UTARA,TANJUNG PRIOK,TANJUNG PRIOK,WNA,Perempuan,1
2020,DKI Jakarta,JAKARTA UTARA,TANJUNG PRIOK,SUNTER JAYA,WNA,Perempuan,21
2020,DKI Jakarta,JAKARTA UTARA,TANJUNG PRIOK,PAPANGGO,WNA,Perempuan,25
2020,DKI Jakarta,JAKARTA UTARA,TANJUNG PRIOK,SUNGAI BAMBU,WNA,Perempuan,0
2020,DKI Jakarta,JAKARTA UTARA,TANJUNG PRIOK,KEBON BAWANG,WNA,Perempuan,2
2020,DKI Jakarta,JAKARTA UTARA,TANJUNG PRIOK,SUNTER AGUNG,WNA,Perempuan,67
2020,DKI Jakarta,JAKARTA UTARA,TANJUNG PRIOK,WARAKAS,WNA,Perempuan,0
2020,DKI Jakarta,JAKARTA UTARA,KOJA,KOJA,WNA,Perempuan,2
2020,DKI Jakarta,JAKARTA UTARA,KOJA,TUGU UTARA,WNA,Perempuan,0
2020,DKI Jakarta,JAKARTA UTARA,KOJA,LAGOA,WNA,Perempuan,0
2020,DKI Jakarta,JAKARTA UTARA,KOJA,RAWA BADAK UTARA,WNA,Perempuan,2
2020,DKI Jakarta,JAKARTA UTARA,KOJA,TUGU SELATAN,WNA,Perempuan,1
2020,DKI Jakarta,JAKARTA UTARA,KOJA,RAWA BADAK SELATAN,WNA,Perempuan,0
2020,DKI Jakarta,JAKARTA UTARA,CILINCING,CILINCING,WNA,Perempuan,0
2020,DKI Jakarta,JAKARTA UTARA,CILINCING,SUKAPURA,WNA,Perempuan,3
2020,DKI Jakarta,JAKARTA UTARA,CILINCING,MARUNDA,WNA,Perempuan,0
2020,DKI Jakarta,JAKARTA UTARA,CILINCING,KALI BARU,WNA,Perempuan,0
2020,DKI Jakarta,JAKARTA UTARA,CILINCING,SEMPER TIMUR,WNA,Perempuan,0
2020,DKI Jakarta,JAKARTA UTARA,CILINCING,ROROTAN,WNA,Perempuan,0
2020,DKI Jakarta,JAKARTA UTARA,CILINCING,SEMPER BARAT,WNA,Perempuan,0
2020,DKI Jakarta,JAKARTA UTARA,PADEMANGAN,PADEMANGAN TIMUR,WNA,Perempuan,15
2020,DKI Jakarta,JAKARTA UTARA,PADEMANGAN,PADEMANGAN BARAT,WNA,Perempuan,23
2020,DKI Jakarta,JAKARTA UTARA,PADEMANGAN,ANCOL,WNA,Perempuan,29
2020,DKI Jakarta,JAKARTA UTARA,KELAPA GADING,KELAPA GADING TIMUR,WNA,Perempuan,18
2020,DKI Jakarta,JAKARTA UTARA,KELAPA GADING,PEGANGSAAN DUA,WNA,Perempuan,19
2020,DKI Jakarta,JAKARTA UTARA,KELAPA GADING,KELAPA GADING BARAT,WNA,Perempuan,54
2020,DKI Jakarta,JAKARTA BARAT,CENGKARENG,CENGKARENG BARAT,WNA,Perempuan,8
2020,DKI Jakarta,JAKARTA BARAT,CENGKARENG,DURI KOSAMBI,WNA,Perempuan,5
2020,DKI Jakarta,JAKARTA BARAT,CENGKARENG,RAWA BUAYA,WNA,Perempuan,3
2020,DKI Jakarta,JAKARTA BARAT,CENGKARENG,KEDAUNG KALI ANGKE,WNA,Perempuan,2
2020,DKI Jakarta,JAKARTA BARAT,CENGKARENG,KAPUK,WNA,Perempuan,3
2020,DKI Jakarta,JAKARTA BARAT,CENGKARENG,CENGKARENG TIMUR,WNA,Perempuan,18
2020,DKI Jakarta,JAKARTA BARAT,GROGOL PETAMBURAN,GROGOL,WNA,Perempuan,0
2020,DKI Jakarta,JAKARTA BARAT,GROGOL PETAMBURAN,TANJUNG DUREN UTARA,WNA,Perempuan,6
2020,DKI Jakarta,JAKARTA BARAT,GROGOL PETAMBURAN,TOMANG,WNA,Perempuan,6
2020,DKI Jakarta,JAKARTA BARAT,GROGOL PETAMBURAN,JELAMBAR,WNA,Perempuan,6
2020,DKI Jakarta,JAKARTA BARAT,GROGOL PETAMBURAN,TANJUNG DUREN SELATAN,WNA,Perempuan,40
2020,DKI Jakarta,JAKARTA BARAT,GROGOL PETAMBURAN,JELAMBAR BARU,WNA,Perempuan,7
2020,DKI Jakarta,JAKARTA BARAT,GROGOL PETAMBURAN,WIJAYA KUSUMA,WNA,Perempuan,7
2020,DKI Jakarta,JAKARTA BARAT,TAMAN SARI,TAMAN SARI,WNA,Perempuan,3
2020,DKI Jakarta,JAKARTA BARAT,TAMAN SARI,KRUKUT,WNA,Perempuan,3
2020,DKI Jakarta,JAKARTA BARAT,TAMAN SARI,MAPHAR,WNA,Perempuan,3
2020,DKI Jakarta,JAKARTA BARAT,TAMAN SARI,TANGKI,WNA,Perempuan,0
2020,DKI Jakarta,JAKARTA BARAT,TAMAN SARI,MANGGA BESAR,WNA,Perempuan,2
2020,DKI Jakarta,JAKARTA BARAT,TAMAN SARI,KEAGUNGAN,WNA,Perempuan,5
2020,DKI Jakarta,JAKARTA BARAT,TAMAN SARI,GLODOK,WNA,Perempuan,6
2020,DKI Jakarta,JAKARTA BARAT,TAMAN SARI,PINANGSIA,WNA,Perempuan,5
2020,DKI Jakarta,JAKARTA BARAT,TAMBORA,TAMBORA,WNA,Perempuan,2
2020,DKI Jakarta,JAKARTA BARAT,TAMBORA,KALI ANYAR,WNA,Perempuan,0
2020,DKI Jakarta,JAKARTA BARAT,TAMBORA,DURI UTARA,WNA,Perempuan,2
2020,DKI Jakarta,JAKARTA BARAT,TAMBORA,TANAH SEREAL,WNA,Perempuan,3
2020,DKI Jakarta,JAKARTA BARAT,TAMBORA,KERENDANG,WNA,Perempuan,1
2020,DKI Jakarta,JAKARTA BARAT,TAMBORA,JEMBATAN BESI,WNA,Perempuan,1
2020,DKI Jakarta,JAKARTA BARAT,TAMBORA,ANGKE,WNA,Perempuan,8
2020,DKI Jakarta,JAKARTA BARAT,TAMBORA,JEMBATAN LIMA,WNA,Perempuan,0
2020,DKI Jakarta,JAKARTA BARAT,TAMBORA,PEKOJAN,WNA,Perempuan,4
2020,DKI Jakarta,JAKARTA BARAT,TAMBORA,ROA MALAKA,WNA,Perempuan,1
2020,DKI Jakarta,JAKARTA BARAT,TAMBORA,DURI SELATAN,WNA,Perempuan,0
2020,DKI Jakarta,JAKARTA BARAT,KEBON JERUK,KEBON JERUK,WNA,Perempuan,6
2020,DKI Jakarta,JAKARTA BARAT,KEBON JERUK,SUKABUMI UTARA,WNA,Perempuan,2
2020,DKI Jakarta,JAKARTA BARAT,KEBON JERUK,SUKABUMI SELATAN,WNA,Perempuan,0
2020,DKI Jakarta,JAKARTA BARAT,KEBON JERUK,KELAPA DUA,WNA,Perempuan,6
2020,DKI Jakarta,JAKARTA BARAT,KEBON JERUK,DURI KEPA,WNA,Perempuan,17
2020,DKI Jakarta,JAKARTA BARAT,KEBON JERUK,KEDOYA UTARA,WNA,Perempuan,9
2020,DKI Jakarta,JAKARTA BARAT,KEBON JERUK,KEDOYA SELATAN,WNA,Perempuan,11
2020,DKI Jakarta,JAKARTA BARAT,KALI DERES,KALIDERES,WNA,Perempuan,5
2020,DKI Jakarta,JAKARTA BARAT,KALI DERES,SEMANAN,WNA,Perempuan,2
2020,DKI Jakarta,JAKARTA BARAT,KALI DERES,TEGAL ALUR,WNA,Perempuan,0
2020,DKI Jakarta,JAKARTA BARAT,KALI DERES,KAMAL,WNA,Perempuan,1
2020,DKI Jakarta,JAKARTA BARAT,KALI DERES,PEGADUNGAN,WNA,Perempuan,9
2020,DKI Jakarta,JAKARTA BARAT,PALMERAH,PALMERAH,WNA,Perempuan,3
2020,DKI Jakarta,JAKARTA BARAT,PALMERAH,SLIPI,WNA,Perempuan,7
2020,DKI Jakarta,JAKARTA BARAT,PALMERAH,KOTA BAMBU UTARA,WNA,Perempuan,4
2020,DKI Jakarta,JAKARTA BARAT,PALMERAH,JATI PULO,WNA,Perempuan,4
2020,DKI Jakarta,JAKARTA BARAT,PALMERAH,KEMANGGISAN,WNA,Perempuan,12
2020,DKI Jakarta,JAKARTA BARAT,PALMERAH,KOTA BAMBU SELATAN,WNA,Perempuan,1
2020,DKI Jakarta,JAKARTA BARAT,KEMBANGAN,KEMBANGAN UTARA,WNA,Perempuan,7
2020,DKI Jakarta,JAKARTA BARAT,KEMBANGAN,MERUYA UTARA,WNA,Perempuan,1
2020,DKI Jakarta,JAKARTA BARAT,KEMBANGAN,MERUYA SELATAN,WNA,Perempuan,2
2020,DKI Jakarta,JAKARTA BARAT,KEMBANGAN,SRENGSENG,WNA,Perempuan,8
2020,DKI Jakarta,JAKARTA BARAT,KEMBANGAN,JOGLO,WNA,Perempuan,1
2020,DKI Jakarta,JAKARTA BARAT,KEMBANGAN,KEMBANGAN SELATAN,WNA,Perempuan,18
2020,DKI Jakarta,JAKARTA SELATAN,TEBET,TEBET TIMUR,WNA,Perempuan,2
2020,DKI Jakarta,JAKARTA SELATAN,TEBET,TEBET BARAT,WNA,Perempuan,3
2020,DKI Jakarta,JAKARTA SELATAN,TEBET,MENTENG DALAM,WNA,Perempuan,16
2020,DKI Jakarta,JAKARTA SELATAN,TEBET,KEBON BARU,WNA,Perempuan,1
2020,DKI Jakarta,JAKARTA SELATAN,TEBET,BUKIT DURI,WNA,Perempuan,0
2020,DKI Jakarta,JAKARTA SELATAN,TEBET,MANGGARAI SELATAN,WNA,Perempuan,1
2020,DKI Jakarta,JAKARTA SELATAN,TEBET,MANGGARAI,WNA,Perempuan,0
2020,DKI Jakarta,JAKARTA SELATAN,SETIA BUDI,SETIA BUDI,WNA,Perempuan,3
2020,DKI Jakarta,JAKARTA SELATAN,SETIA BUDI,KARET SEMANGGI,WNA,Perempuan,5
2020,DKI Jakarta,JAKARTA SELATAN,SETIA BUDI,KARET KUNINGAN,WNA,Perempuan,11
2020,DKI Jakarta,JAKARTA SELATAN,SETIA BUDI,KARET,WNA,Perempuan,2
2020,DKI Jakarta,JAKARTA SELATAN,SETIA BUDI,MENTENG ATAS,WNA,Perempuan,10
2020,DKI Jakarta,JAKARTA SELATAN,SETIA BUDI,PASAR MANGGIS,WNA,Perempuan,2
2020,DKI Jakarta,JAKARTA SELATAN,SETIA BUDI,GUNTUR,WNA,Perempuan,2
2020,DKI Jakarta,JAKARTA SELATAN,SETIA BUDI,KUNINGAN TIMUR,WNA,Perempuan,14
2020,DKI Jakarta,JAKARTA SELATAN,MAMPANG PRAPATAN,MAMPANG PRAPATAN,WNA,Perempuan,0
2020,DKI Jakarta,JAKARTA SELATAN,MAMPANG PRAPATAN,BANGKA,WNA,Perempuan,57
2020,DKI Jakarta,JAKARTA SELATAN,MAMPANG PRAPATAN,PELA MAMPANG,WNA,Perempuan,18
2020,DKI Jakarta,JAKARTA SELATAN,MAMPANG PRAPATAN,TEGAL PARANG,WNA,Perempuan,1
2020,DKI Jakarta,JAKARTA SELATAN,MAMPANG PRAPATAN,KUNINGAN BARAT,WNA,Perempuan,1
2020,DKI Jakarta,JAKARTA SELATAN,PASAR MINGGU,PASAR MINGGU,WNA,Perempuan,2
2020,DKI Jakarta,JAKARTA SELATAN,PASAR MINGGU,JATI PADANG,WNA,Perempuan,2
2020,DKI Jakarta,JAKARTA SELATAN,PASAR MINGGU,CILANDAK TIMUR,WNA,Perempuan,12
2020,DKI Jakarta,JAKARTA SELATAN,PASAR MINGGU,RAGUNAN,WNA,Perempuan,6
2020,DKI Jakarta,JAKARTA SELATAN,PASAR MINGGU,PEJATEN TIMUR,WNA,Perempuan,2
2020,DKI Jakarta,JAKARTA SELATAN,PASAR MINGGU,PEJATEN BARAT,WNA,Perempuan,6
2020,DKI Jakarta,JAKARTA SELATAN,PASAR MINGGU,KEBAGUSAN,WNA,Perempuan,1
2020,DKI Jakarta,JAKARTA SELATAN,KEBAYORAN LAMA,KEBAYORAN LAMA UTARA,WNA,Perempuan,11
2020,DKI Jakarta,JAKARTA SELATAN,KEBAYORAN LAMA,PONDOK PINANG,WNA,Perempuan,48
2020,DKI Jakarta,JAKARTA SELATAN,KEBAYORAN LAMA,CIPULIR,WNA,Perempuan,1
2020,DKI Jakarta,JAKARTA SELATAN,KEBAYORAN LAMA,GROGOL UTARA,WNA,Perempuan,30
2020,DKI Jakarta,JAKARTA SELATAN,KEBAYORAN LAMA,GROGOL SELATAN,WNA,Perempuan,32
2020,DKI Jakarta,JAKARTA SELATAN,KEBAYORAN LAMA,KEBAYORAN LAMA SELATAN,WNA,Perempuan,1
2020,DKI Jakarta,JAKARTA SELATAN,CILANDAK,CILANDAK BARAT,WNA,Perempuan,40
2020,DKI Jakarta,JAKARTA SELATAN,CILANDAK,LEBAK BULUS,WNA,Perempuan,20
2020,DKI Jakarta,JAKARTA SELATAN,CILANDAK,PONDOK LABU,WNA,Perempuan,7
2020,DKI Jakarta,JAKARTA SELATAN,CILANDAK,GANDARIA SELATAN,WNA,Perempuan,2
2020,DKI Jakarta,JAKARTA SELATAN,CILANDAK,CIPETE SELATAN,WNA,Perempuan,18
2020,DKI Jakarta,JAKARTA SELATAN,KEBAYORAN BARU,MELAWAI,WNA,Perempuan,3
2020,DKI Jakarta,JAKARTA SELATAN,KEBAYORAN BARU,GUNUNG,WNA,Perempuan,27
2020,DKI Jakarta,JAKARTA SELATAN,KEBAYORAN BARU,KRAMAT PELA,WNA,Perempuan,6
2020,DKI Jakarta,JAKARTA SELATAN,KEBAYORAN BARU,SELONG,WNA,Perempuan,3
2020,DKI Jakarta,JAKARTA SELATAN,KEBAYORAN BARU,RAWA BARAT,WNA,Perempuan,4
2020,DKI Jakarta,JAKARTA SELATAN,KEBAYORAN BARU,SENAYAN,WNA,Perempuan,30
2020,DKI Jakarta,JAKARTA SELATAN,KEBAYORAN BARU,PULO,WNA,Perempuan,19
2020,DKI Jakarta,JAKARTA SELATAN,KEBAYORAN BARU,PETOGOGAN,WNA,Perempuan,6
2020,DKI Jakarta,JAKARTA SELATAN,KEBAYORAN BARU,GANDARIA UTARA,WNA,Perempuan,5
2020,DKI Jakarta,JAKARTA SELATAN,KEBAYORAN BARU,CIPETE UTARA,WNA,Perempuan,35
2020,DKI Jakarta,JAKARTA SELATAN,PANCORAN,PANCORAN,WNA,Perempuan,12
2020,DKI Jakarta,JAKARTA SELATAN,PANCORAN,KALIBATA,WNA,Perempuan,19
2020,DKI Jakarta,JAKARTA SELATAN,PANCORAN,RAWA JATI,WNA,Perempuan,4
2020,DKI Jakarta,JAKARTA SELATAN,PANCORAN,DUREN TIGA,WNA,Perempuan,2
2020,DKI Jakarta,JAKARTA SELATAN,PANCORAN,PENGADEGAN,WNA,Perempuan,1
2020,DKI Jakarta,JAKARTA SELATAN,PANCORAN,CIKOKO,WNA,Perempuan,0
2020,DKI Jakarta,JAKARTA SELATAN,JAGAKARSA,JAGAKARSA,WNA,Perempuan,10
2020,DKI Jakarta,JAKARTA SELATAN,JAGAKARSA,SRENGSENG SAWAH,WNA,Perempuan,0
2020,DKI Jakarta,JAKARTA SELATAN,JAGAKARSA,CIGANJUR,WNA,Perempuan,2
2020,DKI Jakarta,JAKARTA SELATAN,JAGAKARSA,LENTENG AGUNG,WNA,Perempuan,1
2020,DKI Jakarta,JAKARTA SELATAN,JAGAKARSA,TANJUNG BARAT,WNA,Perempuan,4
2020,DKI Jakarta,JAKARTA SELATAN,JAGAKARSA,CIPEDAK,WNA,Perempuan,2
2020,DKI Jakarta,JAKARTA SELATAN,PESANGGRAHAN,PESANGGRAHAN,WNA,Perempuan,0
2020,DKI Jakarta,JAKARTA SELATAN,PESANGGRAHAN,BINTARO,WNA,Perempuan,12
2020,DKI Jakarta,JAKARTA SELATAN,PESANGGRAHAN,PETUKANGAN UTARA,WNA,Perempuan,1
2020,DKI Jakarta,JAKARTA SELATAN,PESANGGRAHAN,PETUKANGAN SELATAN,WNA,Perempuan,1
2020,DKI Jakarta,JAKARTA SELATAN,PESANGGRAHAN,ULUJAMI,WNA,Perempuan,1
2020,DKI Jakarta,JAKARTA TIMUR,MATRAMAN,PISANGAN BARU,WNA,Perempuan,0
2020,DKI Jakarta,JAKARTA TIMUR,MATRAMAN,UTAN KAYU UTARA,WNA,Perempuan,1
2020,DKI Jakarta,JAKARTA TIMUR,MATRAMAN,KAYU MANIS,WNA,Perempuan,0
2020,DKI Jakarta,JAKARTA TIMUR,MATRAMAN,PAL MERIAM,WNA,Perempuan,1
2020,DKI Jakarta,JAKARTA TIMUR,MATRAMAN,KEBON MANGGIS,WNA,Perempuan,1
2020,DKI Jakarta,JAKARTA TIMUR,MATRAMAN,UTAN KAYU SELATAN,WNA,Perempuan,1
2020,DKI Jakarta,JAKARTA TIMUR,PULO GADUNG,PULO GADUNG,WNA,Perempuan,6
2020,DKI Jakarta,JAKARTA TIMUR,PULO GADUNG,PISANGAN TIMUR,WNA,Perempuan,0
2020,DKI Jakarta,JAKARTA TIMUR,PULO GADUNG,CIPINANG,WNA,Perempuan,1
2020,DKI Jakarta,JAKARTA TIMUR,PULO GADUNG,JATINEGARA KAUM,WNA,Perempuan,0
2020,DKI Jakarta,JAKARTA TIMUR,PULO GADUNG,RAWAMANGUN,WNA,Perempuan,0
2020,DKI Jakarta,JAKARTA TIMUR,PULO GADUNG,KAYU PUTIH,WNA,Perempuan,20
2020,DKI Jakarta,JAKARTA TIMUR,PULO GADUNG,JATI,WNA,Perempuan,1
2020,DKI Jakarta,JAKARTA TIMUR,JATINEGARA,KAMPUNG MELAYU,WNA,Perempuan,2
2020,DKI Jakarta,JAKARTA TIMUR,JATINEGARA,BIDARA CINA,WNA,Perempuan,0
2020,DKI Jakarta,JAKARTA TIMUR,JATINEGARA,BALI MESTER,WNA,Perempuan,0
2020,DKI Jakarta,JAKARTA TIMUR,JATINEGARA,RAWA BUNGA,WNA,Perempuan,1
2020,DKI Jakarta,JAKARTA TIMUR,JATINEGARA,CIPINANG CEMPEDAK,WNA,Perempuan,11
2020,DKI Jakarta,JAKARTA TIMUR,JATINEGARA,CIPINANG MUARA,WNA,Perempuan,5
2020,DKI Jakarta,JAKARTA TIMUR,JATINEGARA,CIPINANG BESAR SELATAN,WNA,Perempuan,3
2020,DKI Jakarta,JAKARTA TIMUR,JATINEGARA,CIPINANG BESAR UTARA,WNA,Perempuan,0
2020,DKI Jakarta,JAKARTA TIMUR,KRAMAT JATI,KRAMAT JATI,WNA,Perempuan,1
2020,DKI Jakarta,JAKARTA TIMUR,KRAMAT JATI,KAMPUNG TENGAH,WNA,Perempuan,0
2020,DKI Jakarta,JAKARTA TIMUR,KRAMAT JATI,DUKUH,WNA,Perempuan,1
2020,DKI Jakarta,JAKARTA TIMUR,KRAMAT JATI,BATU AMPAR,WNA,Perempuan,2
2020,DKI Jakarta,JAKARTA TIMUR,KRAMAT JATI,BALE KAMBANG,WNA,Perempuan,0
2020,DKI Jakarta,JAKARTA TIMUR,KRAMAT JATI,CILILITAN,WNA,Perempuan,2
2020,DKI Jakarta,JAKARTA TIMUR,KRAMAT JATI,CAWANG,WNA,Perempuan,0
2020,DKI Jakarta,JAKARTA TIMUR,PASAR REBO,GEDONG,WNA,Perempuan,1
2020,DKI Jakarta,JAKARTA TIMUR,PASAR REBO,BARU,WNA,Perempuan,0
2020,DKI Jakarta,JAKARTA TIMUR,PASAR REBO,CIJANTUNG,WNA,Perempuan,1
2020,DKI Jakarta,JAKARTA TIMUR,PASAR REBO,KALISARI,WNA,Perempuan,0
2020,DKI Jakarta,JAKARTA TIMUR,PASAR REBO,PEKAYON,WNA,Perempuan,0
2020,DKI Jakarta,JAKARTA TIMUR,CAKUNG,JATINEGARA,WNA,Perempuan,0
2020,DKI Jakarta,JAKARTA TIMUR,CAKUNG,RAWA TERATE,WNA,Perempuan,0
2020,DKI Jakarta,JAKARTA TIMUR,CAKUNG,PENGGILINGAN,WNA,Perempuan,0
2020,DKI Jakarta,JAKARTA TIMUR,CAKUNG,CAKUNG TIMUR,WNA,Perempuan,8
2020,DKI Jakarta,JAKARTA TIMUR,CAKUNG,PULO GEBANG,WNA,Perempuan,2
2020,DKI Jakarta,JAKARTA TIMUR,CAKUNG,UJUNG MENTENG,WNA,Perempuan,3
2020,DKI Jakarta,JAKARTA TIMUR,CAKUNG,CAKUNG BARAT,WNA,Perempuan,0
2020,DKI Jakarta,JAKARTA TIMUR,DUREN SAWIT,DUREN SAWIT,WNA,Perempuan,6
2020,DKI Jakarta,JAKARTA TIMUR,DUREN SAWIT,PONDOK BAMBU,WNA,Perempuan,8
2020,DKI Jakarta,JAKARTA TIMUR,DUREN SAWIT,KLENDER,WNA,Perempuan,2
2020,DKI Jakarta,JAKARTA TIMUR,DUREN SAWIT,PONDOK KELAPA,WNA,Perempuan,4
2020,DKI Jakarta,JAKARTA TIMUR,DUREN SAWIT,MALAKA SARI,WNA,Perempuan,1
2020,DKI Jakarta,JAKARTA TIMUR,DUREN SAWIT,MALAKA JAYA,WNA,Perempuan,0
2020,DKI Jakarta,JAKARTA TIMUR,DUREN SAWIT,PONDOK KOPI,WNA,Perempuan,1
2020,DKI Jakarta,JAKARTA TIMUR,MAKASAR,MAKASAR,WNA,Perempuan,0
2020,DKI Jakarta,JAKARTA TIMUR,MAKASAR,PINANG RANTI,WNA,Perempuan,0
2020,DKI Jakarta,JAKARTA TIMUR,MAKASAR,KEBON PALA,WNA,Perempuan,0
2020,DKI Jakarta,JAKARTA TIMUR,MAKASAR,HALIM PERDANA KUSUMAH,WNA,Perempuan,0
2020,DKI Jakarta,JAKARTA TIMUR,MAKASAR,CIPINANG MELAYU,WNA,Perempuan,0
2020,DKI Jakarta,JAKARTA TIMUR,CIRACAS,CIRACAS,WNA,Perempuan,0
2020,DKI Jakarta,JAKARTA TIMUR,CIRACAS,CIBUBUR,WNA,Perempuan,2
2020,DKI Jakarta,JAKARTA TIMUR,CIRACAS,KELAPA DUA WETAN,WNA,Perempuan,0
2020,DKI Jakarta,JAKARTA TIMUR,CIRACAS,SUSUKAN,WNA,Perempuan,0
2020,DKI Jakarta,JAKARTA TIMUR,CIRACAS,RAMBUTAN,WNA,Perempuan,0
2020,DKI Jakarta,JAKARTA TIMUR,CIPAYUNG,CIPAYUNG,WNA,Perempuan,0
2020,DKI Jakarta,JAKARTA TIMUR,CIPAYUNG,CILANGKAP,WNA,Perempuan,0
2020,DKI Jakarta,JAKARTA TIMUR,CIPAYUNG,PONDOK RANGGON,WNA,Perempuan,0
2020,DKI Jakarta,JAKARTA TIMUR,CIPAYUNG,MUNJUL,WNA,Perempuan,0
2020,DKI Jakarta,JAKARTA TIMUR,CIPAYUNG,SETU,WNA,Perempuan,2
2020,DKI Jakarta,JAKARTA TIMUR,CIPAYUNG,BAMBU APUS,WNA,Perempuan,0
2020,DKI Jakarta,JAKARTA TIMUR,CIPAYUNG,LUBANG BUAYA,WNA,Perempuan,0
2020,DKI Jakarta,JAKARTA TIMUR,CIPAYUNG,CEGER,WNA,Perempuan,0
